label	text_a
0	吃甜食能预防抑郁
0	赤脚跑步锻炼效果更好
0	生土豆汁可以维持血压稳定
0	细嚼慢咽，更有利于保持身材
1	怀孕生小孩后肚子会变松垮
0	珍珠奶茶里一颗珍珠的热量比一杯奶茶要高
1	孕妇使用异维A酸会导致胎儿畸形
0	尿常规检出蛋白是得了肾病
0	18元一只的烤鸭不能吃，鸭子是速成的，还喂了药
0	吃鹅蛋可以去“胎毒”
0	“老中医神奇减肥偏方”真的有效
0	血管粗的人身体健壮
1	碘酸钾作为食盐碘强化剂是安全的
0	吃含有防腐剂的食物会致癌
0	吃大盘鸡、鱼、凉皮、酸菜感染H7N9
0	搓澡巾竟是癌症帮凶，会搓出皮肤癌
0	白米饭是有害的垃圾食品
0	蘑菇和茄子、小米、大黄米同食会中毒
0	脸上出现“肝斑”是肝脏受损的表现
0	吃洋葱和吃大蒜可以预防感冒
0	满月剃光头，能让孩子头发长得更浓密
1	粽子最好趁热吃
0	卡路里也有好坏之分
1	短效口服避孕药可以推迟经期
0	铁锅补铁
0	宝宝鼻头冒“白点”，因孕期盐吃太多
0	可以从自己的症状中判断是否感染HIV 
1	胰腺癌很难早期发现，是“癌中之王”
1	酒渣鼻（玫瑰痤疮）应忌酒、辣椒、咖啡和浓茶
0	转呼啦圈伤害内脏
1	孕妇最好不要喝无卫生保障的鲜榨果汁
0	羽衣甘蓝、抱子甘蓝等4种菜是无可取代的高营养蔬菜
1	高蛋白膳食有利于减肥增肌
0	看B超单的双顶径值和股骨长度能判断男女
1	多吃蔬菜，可能有利于防癌抗癌
1	秋水仙碱可以治疗痛风
0	土豆不能和鸡蛋一起吃
0	橙汁饮料全是色素，有害健康
0	植物肉怎么吃都吃不胖
1	发生旅行者腹泻可以口服补液盐
0	吞津（吞咽唾液）可以滋阴固精，补气养肾
0	发烧时，退热贴能退热
0	花生放入冰箱后会产生黄曲霉毒素
1	移植死者子宫并能生娃
0	每年超过1000个孩子患上各种疫苗后遗症
0	牛奶中的免疫球蛋白可以帮助人体增强抵抗力
0	催熟蔬果会导致性早熟
1	癌症患者可用理想体重法和BMI法判断是否营养不良
1	尖锐湿疣主要是由性接触传播的
0	大蒜炝锅会引发癌症
0	钟南山代言“吸氢疗法治新冠肺炎”
1	得了胰腺癌可能会出现油花样腹泻（脂肪泻）
0	开灯睡觉导致孩子性早熟
0	油桃含糖量高，糖尿病患者不能吃
0	人死后还会长指甲
0	漂白水加热水稀释会致癌
0	面粉增筋剂（偶氮甲酰胺）致癌
0	跷二郎腿严重危害身体健康
1	炒蔬菜会产生致癌物丙烯酰胺
0	来月经不能哺乳
1	平卧睡觉可能会让宝宝睡成平头偏头
1	狗不能吃巧克力
0	陈皮、蜂蜜等7种食物没有“保质期”，放得越久越好
1	男性比女性更容易患肝癌
1	积极控制高血压，可以有效预防或逆转左心室肥厚
0	喝骨头汤，吃胶原蛋白补品能防止皮肤老化
0	发热会烧坏脑子
0	诺贝尔医学奖发现“喝酒能抗癌”
1	影响乙醛脱氢酶的药物不宜与酒精同服
0	鹿茸多肽可以促神经再生
0	莲藕分为7孔和9孔，7孔的莲藕才适合煲汤
0	老干妈矿物油超标恐伤肝致癌
0	滴眼液可以治疗白内障
1	新生儿接种乙肝疫苗要在出生后 24 小时内进行
0	阿司匹林能有效延缓新冠肺炎病情
1	银汞补牙会挤压牙体组织，造成牙齿折裂
1	东亚地区有40%的人酒精代谢异常
1	儿童2周以内的短期咳嗽主要是呼吸道感染引起的
0	夏天吃姜（壮阳、抗癌），不用医生开处方
0	母乳喂养每次都需要拍嗝
0	煮熟后有洞的鸡蛋不能吃
1	介入手术可以治疗心脑血管疾病
1	核酸检测结果阴性不能排除新型冠状病毒感染
1	双胞胎变胖的程度差异小于其他人
0	乙肝感染妈妈不能母乳喂养孩子
0	被狗抓伤、咬伤等只要伤口不大，就不要担心得狂犬病
0	蔬菜水果可以替代白米饭作为主食
0	跑步/打球不能戴隐形眼镜
0	月子牙刷效果好，可以替代正常的刷牙过程
1	沙门氏菌可致食物中毒
0	运动后马上按摩可以缓解肌肉酸痛
1	瓜子糖精过量不宜多吃，会增加健康隐患
0	饭后剧烈运动，会导致肠扭转、小肠坏死
0	一颗肉丸含多种不认识的添加剂，研发者绝不让女儿吃
0	“天价“DCV癌症疫苗，注射一针能预防12种癌症
0	青汁能减肥
1	滥用保健品会伤肝
1	孕期贫血会影响宝宝的发育
1	可以看虾肉是否有弹性判断虾是否新鲜
0	多吃水果会影响女性月经周期，导致月经量少
0	月经期情绪不好皮肤不好，是因为没受孕身体在表达唾弃
0	“爬行”能治好腰间盘突出
0	如果出现黑便，就说明是肠癌
0	戴近视眼镜会让眼球变突出
0	蛋白粉是健身圣物，可以放开吃
0	人血白蛋白能提高机体免疫力
1	紫外线可以有效治疗银屑病
0	捆扎蔬菜的胶带有毒，其甲醛超标10倍
0	烤箱烤出来的食物出现黑色的物质会致癌
1	VHL综合征相关肾癌有很强的遗传性
0	孕期不能吃螃蟹和荔枝
0	接种流感疫苗会引起流感
0	咖啡越喝越健康
0	一份来自隔离医院的居家药物清单
0	早餐不能吃凉的
1	口腔溃疡虽然常见，但病因至今不明
0	可以通过颜色、形状、果肉和籽粒辨别催熟的西红柿
0	车厘子吃多了，会导致铁中毒和氰化物中毒
0	止汗剂会增加乳腺癌风险
1	点阵激光可以去痘坑
0	无糖食品不含糖，吃了不会长胖
0	鸡翅被注射大量激素，不能吃
0	癌症患者都是被治死的
0	开心果用二氧化硫漂白，对人有害
1	发生晕厥时如果没有很快苏醒过来，应立即打急救电话
1	阿奇霉素和地高辛合用，可引起地高辛中毒
0	买来的蔬菜应该放一段时间等农药分解再食用
0	萝卜有“蓝心”因打有毒保鲜剂
0	房间熏醋防感冒
0	面粉可以治疗烫伤
1	及时、规范的伤后处置能预防狂犬病发生
0	心脏病发或猝死前，用力咳嗽能救命
0	高油酸花生油能预防心血管疾病，抑制癌症，减肥美容
1	鸡屁股可能含有病原体和代谢废物，不建议食用
0	女人30如狼40如虎
0	糖尿病患者能吃粗粮就不要吃细粮了
0	灰指甲不疼不痒就不用治
0	电商平台出现网红“催吐管”，能安全催吐健康减肥
0	浙BL0535车上人员感染病毒正前往某地
0	甲鱼和苋菜不能一起吃
0	杂粮磨成粉后膳食纤维会被破坏，不利于健康
0	吃猪油能预防心血管疾病
0	喝酒不能吃粉条
0	宫颈糜烂会导致宫颈癌
1	月经量少提示子宫有问题
0	玫瑰花茶有奇特功效
0	四川一17岁少年感染超级细菌
1	越小的结节越倾向良性
0	金鱼不能吃，因为鱼饲料中的有毒物质会在人体内堆积
0	拍胳膊可以治疗心梗
0	西班牙养老院因接种新冠疫苗导致全体阳性
0	鲜榨橙汁机不安全
0	身材好的人才会有腰窝
0	提前输液能预防脑梗死
1	狂犬病病毒会通过蝙蝠传播
0	 炒西葫芦会产生致癌物，吃了会得癌症
0	怀孕不能哭泣，会影响到宝宝
0	葡萄最好一粒一粒揪下来洗
1	有人喝咖啡会心律不齐
0	糖尿病患者不能吃任何甜食
0	回生甘露丸可以有效治疗肺结核
0	痛风不可以吃牛肉
0	孩子喝了煮沸的豆浆后中毒身亡
0	红茶里加柠檬会致癌
1	无症状患者也可以传播新型冠状病毒
1	幽门螺杆菌可以根治
0	虾头有重金属
0	廉价酱油是用人类头发做的
1	己烯雌酚可能致癌
0	柑橘杨梅里的肉虫子﻿会危害人体健康
0	婴儿喝完人奶后要间隔30分钟喝奶粉，否则消化不良
1	妈妈突然减少哺乳可能会导致堵奶
1	新型冠状病毒在潜伏期会传染
0	女生胸部越摸越大
0	米饭二次加热会有毒素
1	早期食管癌在进食时会有异物停留感
0	蚬子蛤蜊蛏子里个个都有寄生虫
1	放屁跟吃的食物有关
0	牛油果不健康
0	吃了紧急避孕药后发现怀孕，这个孩子不能要
1	过量摄入镉对人体有危害
0	五颜六色的蔬果是转基因食品
0	阿莫西林是消炎神药，消炎就用阿莫西林
0	鼻子大少感冒
0	新研究证明：睡得越早，死得越早
0	天然草本的减肥产品是安全有效的
1	用体外冲击波碎石疗法治疗膀胱结石效果并不好
0	“粮食酒”喝多了也不会头晕
0	喝醋、柠檬水、姜汁可以清血管通血栓
0	墨绿色的菠菜是因为施肥过量
0	能量手环能提高人的柔韧性和平衡性
0	秋葵草酸的含量很高，有肾结石和高尿酸的人不能吃
0	子宫肌瘤是“寒气”引起的
0	樱桃核有剧毒，误食5颗就能致命
0	阴道炎患者不能吃辛辣刺激性、油腻食物和海鲜
1	血糖会影响皮肤健康
1	女性甲状腺癌的发病率是男性的3倍左右
0	喝完水就要上厕所是肾不好（肾虚）
0	青占鱼有毒不能吃 
0	起床太快，血管会破裂
0	蒲公英、九层塔会伤肝，导致肝硬化 
1	远视是看远看近都不清楚
0	柿饼上的白霜是防腐剂，不能吃
0	猪肉里长钩虫
0	身体出现1臭2黄（腋臭指甲黄巩膜黄），说明是肝癌
0	乳腺临床体检可以单独作为乳腺筛查的方法
0	长期熬夜，会堵住大脑排泄系统
0	高温能杀病毒，让病人发烧到39.6度以上就能痊愈
1	苦丝瓜有毒
0	牛奶奶皮厚薄关乎营养
0	菊花茶有神奇功效
0	慢性荨麻疹会反复发作一辈子
0	不能避免其他HIV相关的感染
1	补充维生素D可以预防子宫肌瘤
1	葡萄一粒粒洗更能去农残
0	预防宫颈癌，只需要打疫苗
0	冷热混合的“阴阳水”有害健康
0	黑心“胶水粥”对身体有害
0	泰国网红减肥药可以有效减肥
0	蛋、奶是现代老年病的根源
1	在中国治疗幽门螺杆菌建议用四联方案
0	甲状腺癌与拍X光片有关
0	43岁郝爱军吃大盘鸡感染禽流感
1	无氧代谢不燃烧脂肪
0	晚上睡不着，白天别补觉
1	癌症泛指所有的恶性肿瘤
0	味精、鸡精有害健康
0	空心菜是蔬菜里的“毒中之王”
0	柿子不能和螃蟹一起吃
1	河豚比其他鱼肉更鲜美
0	乳腺癌生存率很低
0	流感病毒变异，3月卷土重来
0	99％的樱桃都用了膨大剂
0	轻症患者手粘唾液触碰眼口鼻会转化为重症
0	有些人特别怕冷因为他是“怕冷体质”
0	毒蘑菇可以通过外表来区分
0	碘盐会致癌
0	小葱拌豆腐会影响钙的吸收
0	孩子咳嗽不吃药，会拖成肺炎
0	“白血病”挑孩子下手，医生：这3种水果，别给娃吃
0	拔头两侧的白发可以防治新型冠状病毒肺炎
1	没有涂层的铜锅不利于健康，但偶尔用没必要太担心
0	细菌占人体活细胞的90%
0	吃柠檬、樱桃、西瓜和葡萄可以降尿酸
0	西瓜甜靠打针？西瓜和桃子不能同吃？统统不靠谱
0	苏打水是胃酸的“天敌”
0	吸烟对人体的危害分情况，比如起床后吸烟危害更大
0	有机食物比普通食物更营养
1	吃没有熟的香蕉会加重便秘
0	晚上睡觉开小夜灯会让宝宝提前发育
0	乳腺自查可以提高乳腺癌早期诊断检出率、降低死亡率
0	骆驼奶（沙漠白金）接近母乳适合婴幼儿
0	女性第一次做爱不会怀孕
0	口服激素类药物能有效保养卵巢
1	男人也会得乳腺癌
0	子宫腺肌症治不好
1	银屑病不能根治
1	葡萄颜色越深，生物活性物质含量越高
1	花胶是鱼鳔的干制品
0	红薯叶能预防贫血
0	吃胡萝卜时不要喝酒，对人体有害
0	方便面比包子营养更均衡
0	发烧不能吃鸡蛋
0	饭后马上躺下或者松腰带会导致胃下垂
0	儿童牛奶含添加剂加重肝肾负担，甚至致癌
0	坐月子必须大鱼大肉，补充营养
0	长期骑车会增高罹患前列腺癌风险
0	葵花籽（瓜子）富含重金属会致癌
0	辅酶Q10能治疗癌症
0	乙肝妈妈怀孕期间需要注射乙肝免疫球蛋白
1	北京协和医院不生产维生素E乳
1	不粘锅不沾
1	东北自制酸汤子有米酵菌酸中毒风险
0	小龙虾的致命真相：你可能永远不知道
0	虾青素能缓解尿酸高
0	吃南瓜籽可以降血糖
0	有出血倾向的病人不能食用木耳
0	98岁中国名老中医于彤开30个药方治高血压
1	癌症受遗传和环境因素影响
0	服用小剂量降压药会让体重上升
0	苏打水适合所有人喝
1	杀鱼的速度影响鱼的肉质
0	天天吃鸡蛋早死10年
0	感冒长期治不好是得了艾滋病
0	杂交稻是转基因粮食
0	草莓是最脏的水果
1	病毒性肝炎是肝细胞肝癌的主要危险因素
1	阿奇霉素引起重症肌无力
0	鸡蛋不能与糖同煮
0	经常让孩子吃夜奶，会影响宝宝脑部和身体发育
1	老年人容易出现飞蚊症
0	“酸性体质”生男孩
0	按摩店的精油可以保养卵巢
0	水煮鸡蛋如果蛋黄变绿，吃了会致癌
0	女性运动健身容易变成肌肉女
1	有眼睛发红+有异物感症状可能是干眼症
0	妇科病前，嘴巴是不会骗你的，出现四个表现需要注意
1	影响昼夜节律的轮班工作是2A类致癌物
0	排残乳等于排癌
0	国家食品药品监督管理总局紧急通知13种有毒胶囊
0	8毛钱治好本要花10万元的病
0	人工泪液有害
1	心碎综合征不仅仅是心脏疾病
0	鸡蛋与茶同吃会对胃产生刺激
0	痛风患者不能喝酸奶
0	后脑勺堆肉是脑梗的前兆
0	妈妈越孕吐，宝宝越聪明
1	对成人来说，母乳的价值不如牛奶
0	运动可以增加饮酒量
0	女性私处，洗洗更健康
0	4个月大的腹中胎儿会算数
0	豆制品含植物雌激素，吃多了会得子宫肌瘤
0	试管婴儿春季做比较好
0	猕猴桃“吃”膨大剂不能买
0	服用维生素C可以提高人体免疫力，预防感冒
0	没有按时接种疫苗，要重新从第一针打
0	老年人需要长期服用降胆固醇药物
1	成年人共餐一般不会造成幽门螺杆菌传播
0	氰化物是入口即死的毒药之王
1	浴霸使用不当会对眼睛造成伤害
0	喝单枞茶可以预防新冠肺炎
0	用苹果醋、柠檬汁、小苏打洗头能有效去除头皮屑
1	只要活得够久，人人都会得白内障
0	乳酸菌素片可以治疗新型冠状病毒肺炎
0	蓝芩口服液能清热解毒、利咽消肿、治疗急性咽炎
0	艾滋病药物可以治疗埃博拉
0	原料稀缺的保健品一定是健康有效的保健品
0	狂犬病病毒只有狗才能传播
0	开水冲蛋会吃出白血病
0	日本网红药（帝人痛风）可以根治痛风
0	流鼻血后应该仰头止血
0	小龙虾浑身都是寄生虫不能吃
0	“加水法”能鉴别白酒质量，变浑的是纯粮食酒
0	癌症会传染
1	久坐不动可能导致肌肉筋膜炎
0	发霉水果别舍不得扔，它是肝癌祸首
0	体内有癌，腿部先知
0	欧洲禁用面粉增筋剂是因为它致癌
1	反复口腔溃疡的病因尚不明确
0	木耳蘸白糖可以推迟月经
0	埋线减肥安全见效快
0	儿童腹泻不应吃东西，而是要多喝水补水
0	缺维生素B2会致癌
0	1:1:1黄金比例调和油更健康
1	持续性嘶哑、干咳及吞咽困难可能提示癌症风险
1	含三氯生成分的日用品对人体有潜在危害 
1	吃未熟烧烤有可能会导致寄生虫入脑
0	生土豆汁能减肥消炎降血压
0	检查发现“大三阳”就是得了乙肝
1	宝宝未满三岁不宜吃巧克力
0	里约泳池频破纪录是因为比标准长度短2厘米
1	绑头发太高（扎马尾辫）、梳头发太紧会导致脱发
0	普通人出门要佩戴护目镜，防止新型冠状病毒侵入体内
1	科学家从芥子气中研发出了抗癌药物氮芥
0	头皮有小疙瘩是“内分泌失调”“体内排毒”的表现
0	鱼头富含重金属不能吃
0	新型冠状病毒已经混合在空气里，一旦呼吸就会致病
0	电解水机产生的碱性电解水（富氢水）有保健作用
0	口服防晒丸可以有效防晒
1	被猫狗轻微抓伤，也要打狂犬疫苗
0	洗澡时有腿疼头疼腹疼牙疼等八个现象，猝死随时发生
0	近视能治愈
0	孕妇不能吃冰激凌
0	多吃水果会导致子宫肌瘤
0	野生蜂蜜不含重金属
1	习惯性脱臼最好做手术
0	热性惊厥不会复发
1	西布曲明会增加心血管病发病率
1	高动物蛋白、高脂肪和低纤维饮食是大肠癌高发的原因
1	眼袋消不掉只能开刀
0	牛奶是催胖食物
0	不穿秋裤会导致风湿
0	原位癌不是癌
0	卵巢按摩调整月经、治疗痛经、延缓卵巢衰老
0	中老年人驼背可以用背背佳矫正
0	癌症是缺乏维生素B17（苦杏仁苷）引起的
0	化疗会加速死亡，有治疗癌症的偏方
0	可以用馒头包裹胶囊药粉服用
0	内含热门科学术语的保健品一定是健康有效的保健品
1	脱糖电饭煲可以做脱糖米饭，但不是最高效实惠的选择
0	在马路上被人用大头针等扎一下会得艾滋病
0	桂林米粉配方“泄露”，有水蛇和黄青蛙
0	通过疾病获得免疫比通过疫苗获得好 
0	老憋尿影响性能力
0	孕妇接种流感疫苗后可能发烧，所以不能接种
0	肝腹水会遗传
1	海苔营养远不如紫菜
0	高氟地区的人不能用含氟牙膏
0	男人鼻子大性功能就强
0	海边更容易晒黑
0	藿香正气水能治中暑
1	短效避孕药可以除毛
1	烹调会产生污染
0	化纤地毯、不粘锅会影响女性生育能力
0	吃芹菜等光敏果蔬会让人皮肤变黑
0	为延长香蕉保质期，香蕉浸泡甲醛保鲜
1	大肠癌通常指的是结直肠癌
0	模仿动物爬行可以治好腰椎间盘突出
1	久治不愈的鼻塞要警惕鼻咽癌
0	亚麻籽油加酸奶能减肥
1	实施无痛分娩要以母婴安全为最高原则
0	喝椰子水可以补羊水
0	李咏死于治疗癌症，马原放弃治疗癌症是对的
0	“顶花黄瓜”用了避孕药
0	大蒜水可以治好冠状病毒肺炎，要多喝大蒜水
0	猪内脏里有毒素，吃了有害健康
0	食用油烧热变成了“沥青”
0	酱香酒有益于温经活血散寒祛瘀
0	女子被自家狗咬，一小时后当街发“狗疯”
1	生物电阻法通过测量电阻来测定脂肪含量
0	国人爱吃的“黑色冰淇淋”含有活性炭，已被美国禁售
0	喝酒脸红的人酒量大
0	能燃烧的就是假粉丝
0	做馒头包子不能用泡打粉
0	失重24小时，就杀死人体内80％癌细胞
0	吃表皮上黑斑多的香蕉能抗癌
0	武汉第九医院：疫情期间，不能外出散步，小心被传染
1	开窗通风是预防流感的重要措施
0	得了“激素脸”，要去美容院排毒排激素、调节内分泌
0	红薯叶能抗癌
0	哺乳会导致胸部下垂
0	门诊自费超1200元可报销60％
0	不能用一次性纸杯喝热水
0	空心菜（通心菜）是抽筋菜，吃完会抽筋
0	济南市2月10日晚上12点大面积消杀、消毒
0	多于12排的玉米是转基因农作物
0	大闸蟹靠激素养肥
0	95%以上国人对输液的危害一无所知
0	输液会导致“湿邪”
1	黑色大便可能提示胃和十二指肠出血
0	蜂王浆会导致性早熟
0	化疗杀人已被实践证明
0	翠绿色海带是被色素染的，一烫就会变色
0	旺仔牛奶、爽歪歪、哇哈哈等多款乳饮品会导致白血病
0	大姨妈来了不能碰凉水，吃冰激凌
0	化糖贴可以治疗糖尿病
0	珍珠奶茶里的珍珠加了塑料
0	吃韭菜、公鸡、母鸡可以发奶或者回奶
1	短效避孕药可以降低卵巢癌风险
0	喝浓茶等于割肾，还会伤害肠胃
0	斯坦福大学：能憋气10秒就没感染新冠病毒
0	吃多了小龙虾胳膊上会长蛆虫
0	喝醋蛋液包治百病
1	肝硬化患者是肝癌高危人群
0	宫颈糜烂是严重的妇科病，会导致宫颈癌
1	吃硝基咪唑类抗菌药物（甲硝唑等）不能立即喝酒
0	香蕉是“超级食物”，具有很多功效，可以治病
0	鲜艳的水果皮都有毒
1	高度近视可能会导致失明
1	近视远视散光都是屈光不正
0	灰指甲治不好白花钱
0	抗病毒药阿昔洛韦能有效预防新冠肺炎
0	糖尿病人不能喝酸奶
0	HIV感染者相互做爱时，没必要做安全措施
0	卫生巾中的薄荷成分会破坏阴道弱酸环境导致宫寒
0	胎盘是高级营养品
1	利巴韦林不能治疗感冒，对儿童、孕妇有严重的副作用
1	头晕目眩可能是耳朵里的石头掉了
0	“英国卫裤”有壮阳功效
0	皮肤上出现很多小红点是得了大病
1	练马甲线需要瘦
0	使用脱脂或全脂乳粉生产的奶粉质量不好，营养价值低
0	老年人弯腰低头捡东西会造成动脉破裂（主动脉夹层）
0	密封瓶装水会老化，不宜饮用
1	人体供能主要靠ATP（三磷酸腺苷）
1	尿毒症不是病，而是各种肾病的晚期状态
0	推拿可以治发烧
0	脾胃虚弱的人不能吃红薯
0	大蒜能消灭血液中的细菌并降低血糖
1	黄花菜吃之前最好用水焯一下，去除秋水仙碱
0	血液测试能预测一个人的生死，准确率达80%
0	输液等于自杀
0	三七是抗癌神药
1	蕨菜中含有原蕨苷，具有致癌能力，不能多吃
0	外阴瘙痒就是得了性病
0	国产疫苗技术落后，不能用
1	持续性胸闷（难受出汗）可能提示心梗
0	发芽大蒜是“抗癌冠军”
0	白米饭是垃圾食物
1	打溶脂针会出现不良反应，对身体有害
1	全天的血压变化曲线像勺子
1	长期近距离看电视盯电脑会增加近视风险
0	孕妇喝牛奶可以缓解失眠
0	做完祛眼袋手术后，眼袋就再也不会出现
1	荷兰一公司违规使用农药，欧洲惊现“毒鸡蛋”
0	哺乳期不能运动
1	吃红肉可以补铁
0	“宫颈糜烂”代表炎症很严重
1	男性也有更年期
1	CAR-T免疫疗法治癌症有副作用
0	吃甘蔗可以补血
0	人体有最佳睡觉时间表，子时前一定要睡觉
0	口香糖会粘肠子
0	药一打开就要丢掉里面的棉花和干燥剂，否则会污染药
0	患糖尿病是因为糖吃多了
0	上海68名男女感染SB250死亡
0	月经的主要作用是排毒
1	新冠肺炎“复阳”患者几乎不具备传染性
0	日本的纳豆激酶好处多，能溶血栓保护心血管
0	小苏打“饿”死癌细胞
0	乳腺癌是因为胸罩压迫腺体气血不通导致
0	吃樱桃感染禽流感
0	流感疫苗副作用大会致死，不能接种
0	虾皮能补钙
0	整骨疗法可以减少早产儿的住院时间
0	吃莲子可以治疗失眠
0	割了子宫肌瘤会让女人男性化
0	发高烧会把宝宝脑子烧坏
1	尿路结石的形成跟生活习惯、泌尿系疾病有直接关系
0	婴儿喝奶粉需要用专门的“无菌水”冲剂
1	达菲可用来治疗H7N9
0	鸡肉鱼肉不能一起吃，不然会中毒
0	西瓜和桃子同时吃会致命
0	纹眉会导致健康的人患上白癜风
0	面条可燃是因为含有大量添加剂
1	胰岛素可以放在冰箱内保存
0	巴西莓提取物可以有效减肥
0	小分子肽能够治疗糖尿病
0	陈醋可以治疗冠心病
1	马兜铃酸可能导致肝癌
1	月经期大出血、月经期外出血可能提示癌症风险
0	多吃水果会导致钙流失
0	食物裹保鲜膜会繁殖更多细菌
1	女性比男性更容易骨质疏松
1	六岁以下儿童防晒应该少戴墨镜
1	长期吸入二手烟可能导致慢性咽炎
0	带鱼皮颜色越白，营养价值越高
0	蜂王浆会让孩子上火积热
0	20%新冠男康复者精液中完全无精子，失去生育能力
0	草莓内含有“诺如病毒”，吃了会中毒
1	牛初乳不能做宝宝的主食
1	定期洗牙的主要目的是发现牙结石和虫牙
1	妊娠糖尿病需要科学的饮食管理
1	高血压会遗传
0	不能空腹吃水果，会伤胃伤身
0	指甲变脆或分叉是津液亏虚
1	酸奶可以加热再喝
0	吃榴莲后不能喝酒喝牛奶，会导致猝死
0	运动会折寿
1	癌症高危人群建议定期做早癌筛查
0	多吃水果会引起腿抽筋
0	美国的电子烟肺炎是新型冠状病毒导致
1	粪便嵌塞是一种严重的便秘
0	不能用冷水服用胶囊
1	卡铂是很有效的抗癌药
0	营养快线阴干后成乳胶，因10余种添加剂对人体有害
0	保持喉咙黏膜湿润就能防流感
1	结直肠癌是发病率很高的恶性肿瘤
1	精囊炎会影响男性生育
0	宿便需要清肠排毒
0	黑人女孩因患白癜风变身“白人”
0	哺乳期妈妈要忌口，不能吃辣椒、生鱼片、芥末、烧烤
0	混着喝茶危害大
1	山梨酸及其钾盐是安全的防腐剂
0	降压药可以按需服用，血压正常了就不用吃药
1	医生可以用 Centor 标准鉴别细菌感染
0	孩子囟门闭合晚是因为缺钙
0	紧急通知！长春某医院患者因H7N9死亡
0	含乳饮料就是糖兑白开水
0	HPV感染有特效药
0	女人保养卵巢要补充雌激素，多吃鱼虾牛奶，多吃黑豆
0	睡前泡脚，加速血液循环，有利于降血压
0	马齿苋可以治病防癌
0	男子吃豆腐长420颗结石
0	喝红酒能抵抗新型冠状病毒，延缓病情发展
1	喝酒脸红的人是酒精代谢异常
0	银耳可以祛湿、补气、补血、美容养颜
0	用人尿泡虾能延长存活时间
0	小孩讲话吐字不清可以剪去舌头下的一根线
0	韭菜花可以治疗妇科炎症
1	浴霸会伤害婴幼儿的视力
0	黑蒜有降血脂、降血压的功效
0	金鸡毛草可以治疗风湿、过敏、抗癌、降血压、降血糖
0	来自抗击疫情一线消息，李留树博士刚从武汉打来电话
0	木耳泡时间太长会有毒
1	孕妇最好不要吃没有洗干净的蔬菜
0	辣椒对胃伤害大需要忌口
1	粘连性肠梗阻应该尽量少吃纤维素含量高的食物
0	白菜心也有农药残留，必须仔细清洗
0	胰岛素会让人上瘾
0	疫苗所含的铝佐剂会进入大脑，严重危害人体健康
0	自闭症就是智力障碍
0	吃草莓致癌
1	青光眼越早发现治疗效果越好
0	血糖高不能吃蜂蜜
0	桃子用国产苏打粉清洗会变黑，毒上加毒
0	医生公布降尿酸食物，冬瓜排第二，第一名竟是它
0	分娩危险时医生会问保大人还是保孩子
0	体重轻就是瘦
0	哈夫病是绝症
0	味精吃多了不好，鸡精和蘑菇精比味精更好
0	红薯不能与西红柿一起吃
0	高血压患者只要注意血压状况就够了
0	土豆切开不变黑是转基因土豆
0	地暖致癌
0	男性缺乏雄性激素会变“娘”
0	星巴克承认在中国所售糕点含致癌橡胶鞋底原料
1	癌症患者按摩可能导致肿瘤细胞扩散
0	小孩发烧不能喝牛奶
0	喝茶、咖啡、含咖啡因饮料能刮油减肥
0	植物激素催熟葡萄不能吃
0	头晕、头昏和眩晕是一样的
0	盖有X形章的猪肉是被禁止出售和食用的
0	宝宝不能喝果汁
0	金制餐具危害健康
0	植物蛋白比动物蛋白好吸收
0	长针眼是因为看了不干净的东西
1	给孩子测量体温不推荐使用水银体温计
1	还没当妈竟先产奶了，这有可能是疾病的征兆
0	国家食药总局紧急通知13种有毒胶囊
0	胡柚能治疗新型冠状病毒肺炎
0	彩虹食谱拯救91岁美国前总统，扩散至脑的肿瘤消失
0	吃酵素可以减肥
1	第一口即“深渊”，95%以上烟民存在“烟草依赖”
1	婴儿衔乳姿势不正确容易导致乳腺炎
0	电解还原水可以治病
1	吃孢类抗生素类药物不要喝酒
0	糖精浸泡过的枣会致癌
1	友情提醒：吃药的时候尽量不要喝酒
0	维生素E能够抗氧化防衰老，促进硫酸软骨素的合成
1	近视激光手术最大的风险是圆锥角膜
1	青少年肥胖可能会影响到骨龄
0	大豆蛋白不是优质蛋白，肾病不宜吃
0	肝癌会传染
0	戴胸罩会导致乳腺癌
1	激光生发仪器可以治疗脱发
0	一勺猪油相当于十副药，能治十几种病
0	挂烫机喷出的蒸汽可用于衣物消毒杀菌
0	猪牛被杀时会产生毒素
0	喝豆浆会使女性性早熟
1	罗非鱼鱼皮可以治疗烧伤
1	钟南山院士表示目前已有药物准备用于肺炎临床治疗
1	坐月子不要剧烈活动
0	打了HPV疫苗就不会得宫颈癌
0	啤酒加生鸡蛋是大补
1	汤姆·汉克斯宣布他和妻子感染新冠病毒
0	 高新科技电子产品（理疗、磁疗等）能降血糖
1	喝酒增加肝癌风险
1	户外运动可以预防近视
0	食盐可能含有剧毒添加物
1	蜂蜜不易变质
0	食盐搓脸可以去除黑头和粉刺
0	“勾兑酒”品质不好，喝多了容易头疼
1	中年以上男性是肝癌高发人群
0	西红柿不能和黄瓜、胡萝卜一起吃
0	麻辣烫是一种不健康的食物
0	苦瓜、柠檬、百合等食物能排烟毒
1	肺癌有遗传倾向
0	存在“负能量食物”，会越吃越瘦
0	破伤风是伤口受风引起的，伤口包严实就能预防
0	如厕蹲着比坐着好
0	孕期发热，只能用捂汗、酒精擦拭等方式退烧
0	吃洋葱能降血压
0	乌鸡白凤丸可以治疗痛风
0	花胶煲汤喝更有营养
0	高血脂的人不能吃鸡蛋
1	硫酸镁溶液可以减轻面部肿胀
1	散瞳是用药物麻痹睫状肌，获得准确的屈光度数
0	无根豆芽用了激素，吃了会伤肝，加重肝脏排毒负担
0	乳制品不健康会让人发胖
1	电冰箱与微波炉可以放在一起，不会有问题
0	阿莫西林洗头可以治疗白发
1	“食物份数交换法”有助于控制血糖
0	吃莲藕可以补血
0	家人不要公用牙膏
1	HIV阳性患者仍可以有孩子
0	孩子脸上的“小花脸”是寄生虫导致的
0	蘑菇富含重金属，严重时甚至会引起肾小管的坏死
0	大蒜是抗癌食物
0	市面上存在人造鸡翅
0	臭豆腐是发霉食品含毒素
0	新冠口服抗病毒药来了，疫苗不用打了
0	西红柿不能和猪肝一起吃
1	得了淋巴瘤可能会出现淋巴结肿大
0	“网红黑色冰淇淋”可以排毒养颜
1	慢性胃炎的症状没有特异性
0	雪糕滥用食用胶对人体有害
0	电脑屏幕设置成绿色可以保护眼睛视力
1	口臭主要是口腔内的细菌分解蛋白质导致的
0	温泉可以治疗银屑病
1	预防肝炎病毒感染和抗病毒治疗可以有效预防肝癌
0	冬练三九，夏练三伏
0	瓜农打甜蜜素让西瓜变甜，这样既好吃又好看
0	含氟牙膏宝宝不能用
1	腌渍食物可能会加剧幽门螺杆菌对胃的伤害
0	累、口苦、厌油腻、不想吃东西，指甲有竖纹是肝不好
0	虾青素能美白祛斑抗癌，堪称“抗氧化之王”
1	肝癌有遗传倾向
0	心脏荷尔蒙可以使癌症自愈
0	心脏病发作时针扎指尖能救人
0	10岁男童爱喝饮料致喉咙布满鹅卵石
0	吃榴莲之后饮牛奶，可引发心脏病猝死
0	饭后又跑又跳会导致阑尾炎
0	使用胰岛素会导致自身的胰岛分泌功能下降
1	有的栓剂有巧克力味道
0	提高体温可以抵御和治疗癌症 
0	3岁以下儿童不宜使用含氟牙膏
0	陈醋+电吹风能治肩周炎、颈椎病
0	旅行会导致孩子患上抽动障碍症
0	儿童牛奶饮品含肉毒杆菌可致白血病
1	硼砂中毒须立即就医或催吐
1	智齿应该在年轻的时候拔
0	卵巢衰退后可以恢复功能
0	哺乳期妈妈需要提前囤母乳为上班做准备
0	激光能治愈黄褐斑
0	睡觉应该南北方向睡，顺应地球磁场，东西向睡会失眠
0	一家四口吃猪肉身亡，最近别买猪肉了
0	喝鸡汤可以补身子
0	宝宝应该多吃后奶
0	餐桌上的“避孕药”，常吃小心宝宝“与你无缘”
0	苏州姑娘因吃小龙虾感染了肺吸虫病
0	牙疼只要把牙神经（牙髓）杀死就好，不要做根管
0	孩子咳得越久，炎症越重
0	木耳都是打了农药的，吃不得
0	美国精神病学协会将“自拍”视为精神障碍
0	鱼越小越容易富集毒素
1	吃钙片可以补钙，但钙片是吃饭的补充
0	自来水中含有氯元素，直接煮东西有致癌风险
1	吃避孕药可以缓解痛经
0	带呼吸阀的N95口罩对新型冠状病毒没有防护作用
0	秋葵是“植物伟哥”，能有效壮阳
0	饮料中的 “溴化植物油”有安全问题
0	皮肤变黄出汗出现淡红色丘疹皮屑增多说明肝脏受损
0	转基因作物中有一种可导致动物绝种的病原体
1	得了淋巴瘤喝酒身体可能会疼痛（酒精疼痛）
0	低钠奶酪不能吃
0	喝豆浆不能加红糖
0	感染HIV病毒就意味着患了艾滋病
0	二次冷冻的雪糕含有可溶性毒蛋白，不能吃
0	唐氏筛查结果可以用来鉴别胎儿性别
1	国家药监局注销感冒药“艾畅（小儿伪麻美芬滴剂）”
1	玻璃杯装水最安全
0	降噪耳机会损害听力
0	猪肉和大豆不能一起吃
1	乙肝感染者发生肝硬化和肝癌的概率大
0	转基因作物违反自然规律，有机农业才好
0	生理期（月经期）吃火锅会导致月经增多
0	烧碱与纯碱是一样的
0	武汉同济生殖医院拿到国内首张未婚女性冻卵通行证
1	人乳头状病毒（HPV）持续感染是导致宫颈癌的主因
0	怀孕时，妈妈缺氧代表胎儿缺氧
1	胸部有过多放射性暴露的女性患乳腺癌风险高
0	米和吹风机可以复原腐烂的香蕉
0	股骨头坏死可以打臭氧针
0	哮喘能治愈
1	喝水也能中毒
1	安抚奶嘴会干扰母乳喂养
1	嗓子发紧可能提示心梗
0	减肥先减胸
0	手掌有红斑（肝掌）是肝癌的征兆
0	孕妇别吃一些刺激性的食物，婴儿就不会长胎记
0	黄斑是一种病
1	丙肝可以治愈
1	过度清洁（洁癖）很可能是一种心理疾病
0	胰岛素注射很恐怖、很痛
0	巧克力囊肿可以根治
0	有些转基因作物能杀死虫子，所以对人有害
0	有论文证明新冠病毒可以通过鞋底传播4米
1	手术麻醉前必须禁食
0	常喝酒可延年益寿，嗜饮咖啡易短命
0	骨关节炎就是关节“发炎”
0	冷水洗脸可以增加耐寒能力，减少感冒
0	葡萄长“白刺”是因为打了激素
0	世卫组织和美国法院的判决证明转基因食品有害
0	女生长胡子，说明子宫出了问题
0	柿子不能和香蕉一起吃
1	动物脂肪吃多了会增加子宫肌瘤的患病风险
1	袋装牛奶不能直接放微波炉中加热
0	胡萝卜吃多了会维生素A中毒
0	南瓜藤可以治疗肺结核
0	相思豆就是红豆
1	恶性肿瘤一般分为五个阶段
0	鸡蛋每天食用超二个会导致高胆固醇血症
0	甜味剂会导致糖尿病
0	喝醋能软化血管
1	鞭炮炸伤后可以用冷水冲洗受伤部位降温
0	月经可以避免铁沉积对女性身体造成的伤害
0	黄瓜子（籽）磨粉冲水喝补钙
0	味精致癌
0	只有急救和分娩才需要去医院
0	面条能点燃是因为添加了胶
1	怀孕两月胎心无搏动是胚胎停止发育了
1	服用降糖药后喝酒有健康风险
1	含水量高、口感清脆，没有苦涩味的蔬菜比较适合生吃
0	洁厕块污染自来水会致癌
0	南瓜和带鱼一起吃会中毒
0	按“333”食谱减肥有效又健康
0	抗菌肥皂会致癌
0	粉丝可燃烧，是塑料做的
1	铂类药物是有效的抗癌药
0	转移因子口服液可以提高免疫力
0	吃伟哥有严重副作用
0	剩饭菜里有血管扩张剂
1	痛风患者不宜多吃水果
1	穿高跟鞋伤腰
0	雪蛤可以抗衰养颜
0	最新高血压标准发布，140/90不再是我国标准
0	坐月子不能下床
0	感染幽门螺旋杆菌一定会导致胃溃疡
0	油桃难以消化，胃肠功能弱的人不宜食用
0	长期服用阿罗洛尔降压药会损害肝、肾
1	存在没有任何肉类成分的“香肠”
0	耳朵有结节或隆起无光泽，是肝硬化、肿瘤的征兆
1	不对称的痣要特别注意
0	石家庄13名男女感染猪病毒死亡，近期少吃猪肉
0	抗生素可以当消炎药吃
0	“生吃鸡蛋”更安全更有营养
0	木耳能减肥、缓解便秘
0	脱氢表雄酮(DHEA)能激发性冲动
1	空腹喝酒会刺激胃粘膜
0	“白屁股”草莓激素过量
1	化疗是治疗晚期癌症的最重要手段
1	糖尿病会引发糖尿病性骨质疏松并发症
0	口服胶原蛋白能美容
0	乳房疼就是乳腺癌
1	存在有两套生殖器的妇女
0	5片薯片可以提出10毫升油
1	路边的野菜不能乱吃，可能有毒
1	有人利用感冒药制作毒品
0	金箔入酒对人体伤害大
1	糖尿病会引发心脑血管并发症
0	卵巢早衰老等于卵巢早衰竭
0	“中药鼻吸汗蒸疗法”可以治愈癌症
0	有人用塑料造大米
1	三文鱼感染新冠病毒并传播给人的可能性几乎为0
0	饼干能点燃是因为含油量高
0	宝宝头发少是因为缺钙
1	火疗就是烤火烤人，患者很容易烧伤
0	催熟的西红柿有害
1	洗眼液有一定的清洁和舒缓作用
0	富钾盐对普通人有害，不适合食用
1	喜欢吃热烫食物会增加患食道癌风险
1	不同年龄接种宫颈癌疫苗次数不一样
0	麦苗、芋头、莼菜能抗癌
1	营养保健维生素片一般比医院开的维生素片贵
0	奶餐粉可以促进发育、提高智力、增强抵抗力
0	无乳糖奶更容易升血糖
0	紫锥花能增强免疫力
0	美国一位乳腺癌女性患者旅游后癌症自愈
1	白色蔬菜糖和水分多，营养素较少
0	一根缝衣针就能救命
0	对鸡蛋过敏不能打麻疹疫苗
0	甲硝唑片可以治痘去黑头
0	湖北产地的水果不能吃
0	瘦子不用担心内脏脂肪超标
0	多吃水果会导致胃痛
1	坐飞机不建议佩戴隐形眼镜
0	反复解冻的食物致癌
1	美甲是导致灰指甲的危险因素
0	草莓含农残乙草胺，吃了致癌
0	花菜生菜等四种蔬菜是寄生虫重灾区，要忍住不吃
1	不建议超过75岁的无症状健康老人进行肺癌筛查
0	猪肉里的颗粒物是激素，有网友吃了激素猪肉拉肚子
0	用化学药物（盐酸、硫酸、硫磺等）浸泡的荔枝赛砒霜
1	甲减患者要摄入充足的蛋白质
0	“鸡尾酒疗法”能治愈艾滋病
0	每天喝牛奶不能超过600克
0	痔疮患者不能吃辣椒
0	牛奶不能和酸性水果一起食用
1	近视激光手术整体而言是相当安全的
0	虾皮是补钙冠军
1	脱脂大豆酱油比大豆酱油风味更好
0	孕妈头发会与胎儿抢营养
0	生气、焦虑、紧张会导致母乳有毒
0	无氧运动减肥效果更好
0	分娩痛相当于20根骨头同时骨折，突破人类极限
1	鼻炎时间长了可能会影响记忆力
0	鼠疫爆发，内蒙古包头等地被划为疫区
0	大蒜与芒果同吃会中毒
0	以色列科学家高压氧疗法能逆转衰老，使人年轻25岁
0	基因检测能预防疾病
1	食用鲎会中毒
0	可以通过防水与否鉴别口罩的真假
0	牙齿没了也要刷牙
0	用于降压的利尿剂长期服用会损害害肝、肾
0	市场上肥大的黄鳝是用避孕药催养的
0	喝“防弹咖啡”可以减肥
0	“手脚偶尔发麻”是血栓来临的征兆
0	啪啪啪越多会越松
0	吃阿奇霉素片可以预防新型冠状病毒
0	蜂蜜是天然食品，不会影响血糖，糖尿病人可以放心吃
0	乙肝爸爸精子里的病毒会带到卵细胞里，传给胎儿
0	验孕棒能检测出睾丸癌
1	买来的母乳可能存在安全风险
0	中国捐助日本的检测试剂盒被美国强行拦截，已经用完
0	通过输液可以预防疾病
1	最好不要给儿童吃牛初乳
1	牛奶要避光保存
0	胃癌会传染
0	奶茶杀精，会导致男性不育
1	建议乳腺癌高危人群提前进行筛查（40岁前）
0	国产奶粉比外国奶粉好冲，是因为含有速溶剂
0	把护肤品滴到清水中搅拌，溶解了说明质量好
0	喂奶后要挤奶排空乳房
1	视网膜脱落需要进行手术
0	吃红枣补血
0	吃蛋黄等于吸烟
0	鸡、鸭、鹅的尖翅不能吃
0	吃维生素C泡腾片能预防新型冠状病毒
0	不锈钢杯装水会析出有害健康的铬、锰等金属
0	葵花籽是致癌之首
0	干野生蘑菇一定不会让人中毒
1	健康/保健/功能月饼都是营销噱头
0	打了胰岛素可以随便吃
0	方舱医院会造成交叉感染
1	慢性乙肝患者和有抗体的伴侣不需要保护（戴安全套）
1	香蕉不宜放冰箱，低温会让香蕉变黑，吃起来口感差
1	感冒药混着吃会致命
0	癫痫患者不能吃鸡肉羊肉
0	催熟的香蕉会导致性早熟
0	水烧开后一定要开盖，否则致癌
0	产后喝脐带血可以下奶
0	“起床后有眩晕和头痛”是血栓来临的征兆
0	调和油质量差，不能吃
0	食物过安检机会被辐射污染，不能再吃了
0	晚上吃碳水化合物会变胖
0	翠绿色的海带是染色的
0	减少进餐次数是减肥的好方法
1	紫杉醇可以有效抗癌
1	豆类、番茄、南瓜中含有凝集素，最好做熟吃
1	防晒可以让雀斑变淡
0	益生菌能防治新型冠状病毒肺炎
0	喝茶有各种健康功效，可以减肥、降血脂、抗癌
0	面包中检出“鞋底成分”，吃面包=啃鞋底
1	日本鳗鱼被吃成濒危
1	癌症临床分期中M下标为0表示无转移
0	流感只是小病，打疫苗预防也没效果
0	感冒不能吃鸡蛋，会加剧发烧症状
0	拔火罐能把血液中的废物和废气排出体外，加快排毒
0	驴奶是“奶中之王”，还能抗癌抗炎
1	吃得太精细，孩子牙齿可能会长不齐
0	合成鸡胸肉吃着不安全
0	喝茶可以预防新型冠状病毒
0	奶白色鱼汤是高脂肪食品
0	葡萄柚减肥法可以成功减肥
1	长期吃镉大米可能导致镉中毒
0	每天握握毛巾就能降血压
1	O型血对于疟疾的抵抗力最强
0	变绿的紫菜不能吃
1	橘子吃过量，容易变成“小黄人”
0	芹菜叶不能吃
0	中国人煮饭方法毒过砒霜
0	蚊子吸血时不能打死，会感染致死
1	凶险性前置胎盘是剖宫产的后遗症
0	适度饥饿能刺激生长激素分泌，帮助儿童长高
0	PET-CT可以检查出早期癌症
1	亚硝酸盐并非完全有害无益
0	大闸蟹靠激素养肥；给螃蟹打针注射激素
1	建议涂防晒霜前，先涂一层乳液或者面霜
0	糖尿病是肝病惹的祸
0	面膜有抗皱祛痘的神奇功效
1	“失身酒““断片水”只是宣传噱头
0	农村自家养的猪更有营养
0	催产药物有害，分娩时不应该用
0	不午睡有害健康
0	月经期吃牛肉、红豆、鱼等食物，可以让私密处变干净
0	鱼鳞病可以治愈
1	药物只能控制病情，无法根治糖尿病
1	短效避孕药可以治疗痘痘
0	吃“核桃味”瓜子会使人变笨
1	熬夜会增加2型糖尿病患病风险
0	腿麻、抽筋、双腿没力是血管堵了，吃洋葱可清理
1	良性肿瘤可能会压迫组织器官，带来不好的后果
1	高血压会增加心梗、中风的风险
0	蒙牛牛奶黄曲霉毒素超标
0	301田院长说空腹吃水果能治疗癌症
1	心肺功能好的胖子比心肺功能差的瘦子健康
0	冠心病能彻底治愈
1	儿童计划免疫期间也可接种狂犬病疫苗
0	冷水吃胶囊药不易消化
0	截至2020年，山东大学生艾滋病增长295.2%
0	菜市场3种“甲醛菜”伤肝肾、激活癌细胞
0	孩子腿不直证明缺钙
1	银屑病患者可以备孕
0	低浓度的阿托品滴眼液可以治疗近视
0	外用咖啡因能去黑眼圈、防治脱发、消炎和镇静皮肤
1	高氟区的饮用水会导致牙齿发黄（氟斑牙）
0	甲肝会转为慢性肝炎
0	巴西蘑菇保健品可以治疗肝炎、糖尿病、癌症等疾病
0	奶皮里全是脂肪，减肥的人不能吃
0	黑眼圈、脱发严重、早生白发、鼻头发红是肾虚症状
0	老花就是近视
0	吃猪蹄能丰胸
0	容易出汗是因为肾虚
1	孩子发热时不要用阿司匹林，不要用激素退热
0	澳洲有能让人活到150岁的长生不老药
0	癌症是不治之症
1	大范围为狗接种疫苗可以有效切断狂犬病传播
1	疱疹性咽峡炎多见于学龄期儿童
0	疾病和血型有关
0	艾滋病会通过食物传播
0	牛皮癣不能吃韭菜
0	肾积水会影响性功能
0	口服谷胱甘肽可以美白、抗衰老
0	康师傅方便面含有日本禁用农药多菌灵
0	特殊时期多喝陈皮水，陈皮能预防和治疗新型冠状病毒
0	CA125（糖基抗原125）升高表示患卵巢癌
0	土法榨菜籽油，纯天然更好
0	复原乳是假牛奶
0	牛奶不能与巧克力同食
0	吃了糖尿病人的尿淋的菜会中毒
0	水苏糖可以排铅，促进钙锌吸收
1	大米越精细营养越少
0	宝宝出生体重越重越好
1	较深的伤口贴上创可贴容易加重感染
0	新装修的房屋会影响母乳
0	大蒜可以治疗鼻炎
0	油条吃多了会得老年痴呆
0	酸性体质易得癌症
0	HPV（宫颈癌）疫苗会导致死亡
0	“中药良方”可治愈糖尿病
0	冲洗私处更健康
0	少吃可以饿死癌细胞
0	咖啡能降低自杀率
0	孩子血骨碱性磷酸酶高就是缺钙
0	冷空气和空气干燥会导致感冒
0	无籽水果含激素有害健康
0	轰动欧美！海外科学家公布铁证：中药轻松杀死癌细胞
0	5位专家齐发声：这8种病“饿一下全消失”
0	乳腺X线检查对女性健康有害
0	足贴变黑是因为身体在排毒
1	皮肤病引起的瘙痒不能随便用手抓
1	典型儿童哮喘症状往往伴有哮鸣音的呼气性呼吸困难
1	吃完头孢类药物不能喝酒
0	这几种常吃的蔬菜，含盐量高，高血压患者最好避开
0	低碳水摄入减肥法是安全可靠的
0	老掉牙是自然现象
0	笔直的黄瓜都喷了药，弯黄瓜才是天然的
0	六味地黄丸可以补肾壮阳，治疗多种疾病
1	孕期（怀孕）应避免用抗皱类（含维甲酸）护肤品
1	杨桃属于低糖水果
0	女性在经期（生理期）不能运动
1	头痛粉会引起皮肤溃疡
0	乳腺癌治疗结束后不用复查
0	银离子内裤可以抑菌，是女性健康保健的最佳产品
0	光喝母乳会营养不良，一定要加奶粉
0	反复烧开的水（千滚水）致癌不能喝
1	紫杉中的紫杉醇可以抗癌
0	着凉会引发感冒
0	糖吃多了会得糖尿病
0	考古发现3300年前蜂蜜仍能食用
0	洗衣液检测出荧光增白剂，能致癌
0	没有标注GB18186代码的酱油，吃了会致癌
0	金针菇放在冰箱里逆生长是因为含有激素
0	国外新型消融术能轻松疏通血管，支架技术已过时
0	个头大的草莓是因为打了膨化剂
1	猝死按原因可分为心源性猝死和非心源性猝死
0	给宝宝做雾化，危害比输液还大
0	餐前喝酸奶消炎
0	胆固醇偏高不能吃蛋黄
0	罐头食品让人加速衰老
0	带鱼不能煎炸，会流失营养
0	农户不计后果在黄瓜里添加激素肥
0	来自意大利的“真相”：“新冠”不是病毒，而是细菌
0	食物发霉，把表面发霉的部分去掉还能吃
0	不法商贩用“化学药水”喷洒荔枝，产生“毒荔枝” 
0	常吃菜籽油会让人发胖、加剧老年痴呆
0	食用“血脖肉”可能导致中毒
0	孩子个子矮是因为缺钙
1	长期躺沙发易得颈椎病
0	三个月怀不上就是不孕症
0	红糖是“东方巧克力”，能快速补充体力
0	脑力劳动可以减肥
0	红火龙果不能和牛奶一起吃
1	滥用抗菌药物会导致细菌耐药
0	菠萝去把儿倒放在湿纸巾上可以催熟
0	美国疾控中心确认新冠病毒源头是美国
0	喝苏打水可以治疗痛风
0	维生素D能抗癌
0	吃糖太多影响儿童大脑发育
1	宝宝出生第二晚通常会出现生理性哭闹
0	阿斯巴甜致癌
0	鱼腥草可以预防和治疗新型冠状病毒肺炎
0	秋葵是“植物伟哥”，能提高性能力
0	女生跷二郎腿会诱发妇科疾病，导致子宫内膜异位症
0	南瓜藤可以治疗泌尿系统疾病、高血压、胃痛
1	在牙齿上涂氟可以预防蛀牙
0	打完新冠疫苗终身免疫
0	特朗普同意将新冠肺炎潜在有效药瑞德西韦专利豁免
0	某企业回收地沟油用来做食用油
0	防辐射食品具有预防核辐射的功能
1	绝大多数皮肤瘙痒跟内脏器官疾病没有关系
0	茄子能保护心血管、增加血管弹性、防治坏血病
0	 空腹服药是饭前半小时服
0	饭后喝饮冷水致癌
0	口罩嘴巴处垫一张对折纸巾，可以延迟口罩的使用时间
0	每天喝少量白酒可以降血糖血脂
1	宫颈癌分期越早治疗效果越好
0	安全套可以有效预防HPV感染
0	先天性肝囊肿会癌变
0	可乐泡鱼后，鱼消失了，说明可乐会影响人体健康
1	吸烟会增加女性不孕的风险
0	用阿司匹林洗头可以去屑去白发
0	治便秘的神药酚酞片致癌
0	美白要多吃樱桃西红柿，忌食感光食物
0	只有在很冷的环境下才会出现失温
0	宝宝患湿疹了，停止母乳就会好
0	酒喝多了第二天“透一透”，不仅解酒还解毒
0	营养补充剂可以代替食物
0	吃精制面包致癌
0	菠菜豆腐同食会得结石
1	任何特定的食物都没有降血压功效
0	妈妈得了流感不能哺乳
0	新风系统会传播病毒，导致感染新型冠状病毒肺炎
0	空腹喝牛奶等于没喝
0	羊鞭、牛鞭、鹿鞭等泡酒能壮阳
0	冷冻肉反复解冻会致癌
0	不粘锅涂层对人体健康有害
0	银鱼、蘑菇是癌症天然克星，每天吃一点，消灭癌细胞
0	男性脚越大，阴茎越长
1	黑痣突然增大变色可能提示黑色素瘤
0	西红柿减肥法，7天瘦7斤
1	乳酸菌饮料、含乳饮料不是酸奶
0	木瓜炖雪蛤可以丰胸
0	脸上有伤口不能吃辣
0	钟南山近日出征欧洲，指导其他国家抗击疫情
0	毒西瓜流入全国各地
1	乙肝妈妈的孩子需注射乙肝免疫球蛋白和接种乙肝疫苗
1	孕期接触重度空气污染，后代可能更易患多动症
0	喝茶能有效预防新型冠状病毒肺炎
0	醋泡XX是有神奇功效的保健品
0	吃豆制品对身体有害，美国收回了大豆蛋白的健康声明
1	不建议吃虾头
1	卫生纸和餐巾纸最好不要混用
0	荔枝是用药水泡的，食用易得手足口病
0	女人经常接吻，可以减肥、提高免疫力、保护牙齿
1	癌症泛指所有恶性肿瘤
0	蘑菇营养价值很高
0	产后需要开奶师（催乳师）按摩开奶
1	普利类与沙坦类降压药不能合用
0	新生儿刚睡着又突然惊醒是因为缺钙
0	葡萄干煮水喝能解肝毒
0	硫磺皂可以去螨虫
0	薯片含有禁止用于婴幼儿食品的添加剂
0	每天喝牛奶会导致儿童性早熟
0	豆腐会促使动脉硬化
0	红斑狼疮传染
0	脂肪肝不是病，只是因为胖出现的不健康状态
0	无痛分娩会影响胎儿
0	电热毯致癌
1	有的人生下来有尾巴
1	有一种葡萄长得像辣椒
0	淫羊藿泡茶喝能增加雄性激素，有壮阳的效果
0	梨+红糖+姜一起煮茶可以治感冒
0	过敏性紫癜需要检测过敏原
0	瘦腰霜、保鲜膜、减肥茶、束腰能减肚子
0	乳香牙膏可以治疗幽门螺杆菌
1	骨密度测试可以检查骨质疏松
0	“夺命登革热”通过空气传播，还会人传人
0	拉面又细又长因为掺胶
0	因为麻药的关系，孕妇会一孕傻三年
1	运动可以改变人的DNA
0	艾灸可以治疗癌症
0	炭烧酸奶比普通酸奶营养价值更高
0	不要玩手机了！手机辐射大，会造成脑损伤
1	常温奶和巴氏鲜牛奶的营养差别很小，不值得纠结
0	不小心吃进肚子里的虫子/虫卵会在体内繁殖
1	静止状态下，人的水平视野能够达到200°左右
0	胃癌的生存率很低，得了胃癌就束手无策了
1	接种流感疫苗可以有效预防流感
1	过量摄入抗氧化剂对人体有害
0	纯净水没矿物质，会导致营养缺乏
0	燕麦的九成营养在麸皮中
1	用肥皂涂抹蚊子叮咬处，一定程度上能止痒消肿
0	虾头扯出的白线是寄生虫
1	服用降压药后喝酒有健康风险
0	妈妈O型血，爸爸非O型，孕期需常规筛查ABO溶血
1	木糖醇对狗有毒
1	服用抗生素期间不能喝酒
0	顺产生完孩子需要用骨盆带收骨盆
0	高血压年纪大才发病
0	英国中学生发明变色智能安全套
0	猪油能改善营养不良，可以增肥
0	可乐会导致骨质疏松
0	一罐可乐入口后，血糖飙升瞳孔放大、流失钙镁锌
0	“猪场同款”消毒通道，可以有效预防新型冠状病毒
0	加了“胶”的食物不能吃
0	蜂蜜会导致性早熟
1	狗不能吃葡萄
1	有人反复发生口腔溃疡，3年后完全失明
1	子宫肌瘤术后影响生育
0	雾霾、吸烟、中毒都可以靠洗肺来解决
0	烂白菜比砒霜还毒
0	经期不可以吃巧克力
0	坐月子不能洗头洗澡
1	吃巧克力也会上瘾
0	热销胃药（雷尼替丁）致癌物超标3000倍
0	新冠疫苗可能会致癌 
1	恶性肿瘤可能发生在上皮组织（比如肺癌、乳腺癌）
0	白内障会自己痊愈
0	柚子皮泡水喝可以治疗乙肝
0	眉毛走势能影响人的健康，可以通过修眉改变体质
1	一岁内婴儿千万别趴着睡，可能导致窒息，应仰卧入睡
1	骨头汤的主要成分是脂肪，靠它补钙不靠谱
0	吃银耳汤可以祛斑
0	心脏支架手术是“无效的医疗”
0	食物防腐剂就是“毒药”
0	洋葱等六种食物能够净化血液
0	榴莲就酒能壮阳
0	智齿牙龈肿痛，忍一忍就能过去
0	早饭忌吃得过早
0	感冒需要用抗菌药物治疗
0	纳米银可以有效治疗脚气
0	做手术能忍痛不打麻醉
0	勾兑酱油致癌
1	孕期发烧不要擅自用药
1	可以通过虾头和虾壳是否分离判断虾是否新鲜
0	吃油炸食品会导致白血病
1	二氧化硫是合法的食品添加剂，可以漂白防腐
0	迷幻散能当春药
1	先天性巨痣、发育异常痣、多发痣等易发展成黑色素瘤
1	“食物相克”不存在
0	塑料杯喝开水会导致不孕不育
1	食用变质黑木耳可能导致米酵菌酸中毒
1	医生手术时腰部是“无菌底线”
0	国内新冠疫情已经平息，接种疫苗意义不大
0	40年僵尸肉大量流入市场，千万别吃，快告知家人！
1	血尿酸高也可以吃低聚果糖
1	大量喝蔓越莓果汁会引起胃肠不适，增加肾结石风险
0	吃瓜子＝喝油
0	奶茶里的珍珠极易导致胃肠功能紊乱，让人无法排便
0	流感疫苗能够预防感冒
0	孕期妈妈哺乳会导致大宝宝性早熟
0	薄片奶酪添加了致病的磷酸盐，不能吃
0	生理期（月经期）不可以吃火锅
0	卫生部发布“10种不能吃的食物”
0	多洗热水澡可以预防新型冠状病毒肺炎
0	喷洒环保酵素可以杀毒抑菌
0	隔夜银耳有“剧毒”
0	羊肉有膻味是圈养环境不卫生导致的
0	把宝宝放在父母中间，睡觉更安全
0	有毒的植物不能和食用菜一起种植
0	月经期的母乳很脏
0	猕猴桃使用膨大剂可损害神经系统
0	现阶段接种新冠疫苗后就不需要再戴口罩了
0	低嘌呤膳食搭配药酒能治疗痛风
0	苏州市第一医院医生感染H7N9死亡，苏州多人感染
0	给宝宝洗澡必须2人协作，否则容易损伤脊柱
0	喝咖啡会加重巧克力囊肿
0	蒲公英可以抗癌
1	慢性紫外线照射会引发晒伤、皮肤光老化、甚至皮肤癌
0	低钾血症患者不能吃橘子
0	红薯不能和柿子、鸡蛋、鸡肉、螃蟹、酒、香蕉一起吃
0	人死后还会长头发
0	女人头发稀少是缺乏蛋白质、铁、碘和维生素B
0	挂杯可以判断红酒的好坏
1	便秘会增加血糖升高风险
0	低钠盐是送命盐
0	孩子说话晚是因为舌系带过短，要手术解决
1	蜂蜜虽然防腐能力强，但也可能会变质
0	戒烟药物伐尼克兰不仅会伤害肾脏，还会药物上瘾
0	“听声音、看纹路、辨公母”可以挑出好西瓜
0	恶变的痣应该直接切除
0	“大病先兆自查表”无需去医院便可自检疾病
0	新冠特效药已面世，2天病毒就消失
0	鸡翅尖不能吃
0	养宠物的家庭不会感染新型冠状病毒
1	灰指甲会传染
0	催产素不安全，分娩的时候不能用
0	嘴巴馋什么，就是肚子里需要什么
0	月经结束后不能立刻垫护垫、过性生活、做妇科检查
0	长期饮用偏酸性水会使体液变酸
0	早晨起床太猛，容易导致高血压
0	水果削掉霉烂的部分还能吃
1	普通感冒是由病毒引起的不严重的上呼吸道感染
0	甜味剂会导致肥胖
0	荨麻疹会传染
0	震惊哈佛大学教授：新型冠状病毒诞生于人为基因改造
0	医生说的5年生存率就是只能活5年
0	鱼油可以替代降脂药
0	凹陷乳头不能哺乳
1	母乳的产量是根据宝宝的需求而定，跟乳房容量无关
1	巧克力可能含有虫子腿
0	红霉素软膏可以治疗痘痘淡斑
0	匙状甲（指甲呈汤勺状）多半是缺铁性贫血
0	乙肝妈妈不能哺乳
0	金针菇有毒不能吃
0	心跳慢才长寿，所以生命在于静养
0	马黛茶能治病
0	多吃水果会加重痤疮，让痤疮变黑
0	母乳六个月后（一岁后）就没有营养了，要给宝宝断奶
0	世卫组织公布十大垃圾食品名单
0	酒精棉球塞耳朵能治痛经
1	得了胰腺癌可能会出现上腹部隐痛（束腰带感）
0	癫痫发作时，可以用筷子裹布塞在患者嘴里防咬舌 
0	已经得了癌症，戒烟也没有用
0	毛鸡蛋是滋补佳品
0	反季水果没有营养
0	奶茶含六偏磷酸钠引起钙代谢紊乱
0	不种疫苗更安全
0	不锈钢杯泡茶会析出重金属，人喝了会致癌
1	非外伤性异常出血可能提示肿瘤
1	剖宫产术中可以同时行结扎术
0	夏练三伏汗要出透
1	服用降压药、降糖药、胃肠道药后，不建议开车
0	白水能变成牛奶
1	咖啡不能与含有咖啡因的药物同服
0	症状减轻就可以停止使用抗生素
0	子宫肌瘤和子宫腺肌瘤是一回事
0	怀孕期间不小心喝酒会影响孩子智商
0	甜奶油干酪会致癌不能吃
0	XX地区的猪肉大面积出现钩虫，不能吃
0	绿A螺旋藻保健品有突出功效，能治病强身
1	奶茶中含有咖啡因
0	吃虾皮是补钙的好方法
0	剃胎毛可以让宝宝头发快点长出来
0	玫瑰痤疮是不治之症
0	运动超过30分钟才能燃烧脂肪
0	男性乳腺癌发病因素和女性一样
0	面包改良剂会致癌
1	没有外伤的骨折可能提示恶性肿瘤
0	大枣红糖生姜水、蔓越莓干、百合能治疗闭经
0	胃寒的人不能喝绿茶
1	腱鞘炎通常不会变成骨肿瘤
0	只有习惯性流产的人才需要做孕前检查
0	坐月子的时候不可以剪指甲
1	大量饮酒可能会导致胰腺溶解
0	经期不能吃牛奶、奶油等食物
0	哺乳期妈妈不能减肥
0	煮好的花椒水可以医治新型冠状病毒肺炎
0	鱼刺卡喉，可以用喝醋、吞饭团的方式处理
0	过度喝饮料会导致肾结石
1	食物过敏会引起口腔溃疡
0	植入人工耳蜗需要进行开颅手术
0	空腹吃西红柿会伤胃
0	高烧会烧坏孩子大脑
1	肥胖是肝硬化的常见病因
0	适量饮酒能预防老年痴呆
0	干豆腐点燃有猪毛味不能吃
0	孕妇不能吃山楂，因为吃多了会宫缩
0	牛奶不能与酸性食物同食
0	益生菌将替代抗生素
1	西班牙从去年3月的废水检出新冠病毒相关研究漏洞大
0	中国式煮米饭如同吃砒霜
0	常喝柠檬水会导致钙流失
0	输卵管结扎会引起月经量增多
0	吃葡萄干可以补铁
0	皮癣是胰腺癌疾病的早期症状表现
0	麻药会影响伤口愈合
0	新型冠状病毒抗体能治疗和预防肺炎
1	孕妇发烧不可随意用药
0	枸杞与矷山苁蓉同食可以补肾
0	电子烟会造成“爆米花肺”（闭塞性细支气管炎）
1	胸口像压着大石头可能提示心梗
0	长期吃乳果糖会引起结肠黑变病
1	孩子舒服时可以不要退热
0	喝苏打水可以养胃、缓解便秘
1	心脏原因导致的晕厥猝死的风险比较大
0	举重会让你变得很“粗壮”，不适用于减肥
1	勤洗手和戴口罩可以降低新型冠状病毒感染风险
0	吃油炸类快餐食品伤肝
0	乳房不涨是奶水不够
1	痛风有遗传风险
1	紫菜和海苔是一种东西
0	有证据认为蚊子苍蝇可以传播新型冠状病毒
1	抗氧化食物有助于预防糖尿病
0	奶牛全靠打激素来产奶
0	酵素保健品能减肥、排毒、延年益寿
0	紫薯掉色是染色所至
1	生过孩子后建议做盆底肌恢复治疗
0	治糖尿病不能降血糖
1	高度近视已成为我国首位不可逆致盲性眼病
0	发烧了捂一身汗就好
0	长期服用美托洛尔降压药会损害肝、肾
0	转呼啦圈可以只减肚子
1	短效避孕药可以治痛经
1	4个汤圆就等于一碗米饭
0	绿豆汤低温冷藏后表面会有一层膜，不能吃
0	捂被子发汗能治感冒
0	雾化比输液伤害大
0	孕妇因吃大闸蟹导致流产
1	跑完步最好不要立即坐下来
0	使用瘦身贴，不用运动就能减肥
0	抹“蓖麻油＋薄荷油”可以生发
1	EB病毒与鼻咽癌、淋巴瘤密切相关
0	用纯天然中草药治疗抑郁症无副作用
1	产妇情绪改变会影响生产过程
0	月经是身体在排毒
0	肯德基全家桶中含有荧光增白剂，对人体有害
1	女性雌激素减少会导致骨质疏松
0	起夜喝水是救命药
1	坂崎克洛诺斯菌致死率高
0	左旋肉碱可以有效减肥
0	强直性脊柱炎不能治愈，是不死的癌症
0	速生肉制品会导致性早熟
0	未经处理的生水中含有“益生菌”，有益健康
0	肝不好的人，常用柚子皮泡水喝，疏肝降火
1	乳腺癌是女性恶性肿瘤发病之首
0	猪头骨有毒
1	刷牙的目的是消灭牙菌斑，时间最好不少于2分钟
0	柠檬泡水可以让水变成“碱性水”，可以抗癌
1	蟹膏是螃蟹的生殖系统和精液
0	吃豆腐会损害男人健康
1	奥司他韦（达菲）可以预防流感
0	X光片可以确诊肺癌
1	食用“见手青（小美牛肝菌）”会让人出现幻觉
0	牛黄解毒片可以治喉咙痛、感冒
0	广东中医院制定出预防新型冠状病毒肺炎药方
0	黄鳝又粗又大是因为使用避孕药
0	特别白的挂面加了增白剂，吃了对人体有害
0	两种食物搭配吃致命又致癌
0	跑步太多会缩短寿命
0	戴隐形眼镜会增加感染新冠病毒的几率
0	00后少年肾衰竭猛增，熬夜、喝茶、抽烟是帮凶
0	孕期不能养狗
1	口交有可能导致人体咽部感染HPV病毒
0	常吃猪油能解毒、抗癌、治心脏病
0	产后没来月经，过性生活就不用避孕
0	牙齿矫正要在30岁之前完成
1	白内障不及时治疗会导致患者失明
0	松茸蘑菇能预防新型冠状病毒
0	“洗茶”能洗掉农药
1	癌通常指上皮组织来源的恶性肿瘤
0	葡萄籽精华素能防癌
1	宫颈癌属于“穷癌”
0	冰袋放在肥胖处能冰敷减肥
0	痛风患者煮菜不能放生抽和蚝油
1	毛周角化症在冬天会加重
0	贫血和低血糖可以划等号
0	三叉神经痛不能吃鱼
0	宫颈癌（HPV）疫苗上市是中国女人的灾难
0	化妆品中可以添加EGF因子，修复功能很强大
0	饭后一支烟，赛过活神仙
1	紫色蔬菜（紫茄子、扁豆）有对高血压患者有益的成分
0	电解水壶可以烧出世卫组织认证的好水
0	燕窝能够美容养颜
1	马甲线是瘦出来的，和肌肉多少无关
0	榴莲会让孩子营养过剩
1	乳腺炎可以发生在产后哺乳的任何时期
0	口罩接水不渗水，说明能抵抗新型冠状病毒肺炎
0	减肥期间不能吃肉，吃了就会长胖
1	雄激素低可能会导致男性性功能障碍
1	被蜱虫叮咬患病后，病毒会“人传人”
0	乌梅，小茴香，艾叶可以治疗息肉
0	转基因作物含有目前科学手段测不出来的有害物质
0	吃苦瓜能降血糖
1	美国FDA正式上市“广谱”抗癌药 
0	毒蘑菇经高温烹煮可去毒
0	醋泡果蔬能清除农药残留
1	阿片类止痛药的副作用是便秘
1	有一位艾滋病患者被治愈
0	无籽葡萄是蘸了避孕药的
0	现在的家禽都服用化学饲料，癌症都是吃肉吃出来的
0	小龙虾有大量寄生虫，食用后肺部出现多处空洞
1	抗过敏药也可能引起过敏
1	痛风患者最好不要热敷
1	竹笋采摘之后要尽快“杀青”，以保持脆嫩的口感
0	饭后吃梨可抗癌
0	转基因大豆毁掉了阿根廷农业
0	隐形眼镜会导致白内障
0	卵巢畸胎瘤是怀了怪胎
0	掰手指会使指节变大，导致关节损伤
0	狂犬病病毒不会通过猫传播
0	植物蛋白饮料等于植物蛋白，比动物蛋白更健康
0	添加了AB粉的豆芽会导致儿童性早熟
0	吃荔枝会被测出“酒驾” 
1	乳腺癌在20岁之前比较少见
0	牛奶将人类送进坟墓
0	婴幼儿吃味精会缺锌，导致味觉差、智力减退、性晚熟
1	不管是床栏还是床围，都不应该给婴儿使用
1	抽烟会导致脱发
1	三黄蛋可以放心食用
1	减肥药吃太多会损害身体健康
0	西瓜中间最甜是因为发育时间最长
0	青岛市内公交将停运，酒店不接待大型宴会
1	类风湿关节炎不能治愈
0	维生素补的越多越好
0	体格越好越健壮的人，越容易中暑
1	咖啡与非甾体类解热镇痛药同服不好
1	过期的维生素E乳不建议再使用了
0	宿便跟肿瘤肥胖有关，人体需要排宿便清肠毒
0	胃溃疡患者饭后别吃猕猴桃、桃子和山楂
0	蔓越莓有着神奇的保健功效
0	突然过敏是得了重病
0	BMI可以准确测出肥胖
0	做过激光矫正手术的高度近视患者不要再做眼底检查了
0	劣质纸巾会导致儿童白血病
0	金钱草（马蹄草）能治疗胆结石
1	孩子总用嘴呼吸易致牙不齐甚至呼吸道病变
0	蛋白粉是从地沟来的
0	猫狗会直接导致孕妇流产，怀孕前必须把宠物送走
1	一对双胞胎可能有两个父亲
0	哺乳期间一定要喝催奶汤
0	哺乳期妈妈不能运动
1	日常中的脑力劳动，每小时可消耗100大卡左右能量
0	制造绵白糖要加食用草酸，吃十斤绵白糖会摄入一斤酸
0	麝香膏会导致孕妇流产
1	牙龈出血原因有很多，最常见的原因是牙龈炎和牙周炎
1	花胶是劣质蛋白质，没有什么特殊功效
0	新型冠状病毒和乙肝病毒一样
1	没运动不建议把运动饮料当普通饮料喝
1	厨房用的香料可能会变质，不能长久储存
0	憋气30秒可以测试肺部是否健康
0	贫血的人不会得高血压
0	一针剂、两针剂、雾化吸入的疫苗都打，才能保障健康
0	得了青光眼不用怕，通过积极治疗，完全可以治愈
0	肺结节就是肺癌
0	高钙奶更补钙
0	怀孕后不能吃辣椒
0	喝骨头汤可以补钙
0	阿片类止痛药是毒品，癌症患者不能用
0	粉丝和粉条含铅
0	开加湿器会加大室内雾霾污染
1	婴幼儿最好不要吃咸鸭蛋
0	止痛药治痛经会上瘾、损害肝肾
1	观测日偏食时不能用肉眼直接观测
1	生粽子比较难煮熟
0	喝粥会使血糖快速升高
0	酒泡蒜能溶脑血栓
0	蔓越莓可以治疗妇科炎症
0	月经期（生理期）吃多了不会发胖
1	高温蒸煮可以杀死幽门螺杆菌
0	洗手液含有三氯生会致癌
0	坐月子不能洗澡、洗头，否则容易得病
0	石正丽警告：对疫情不必太乐观，蚊虫或成第三宿主
0	大蒜切开后放置十五分钟再用，才能起到解毒作用
1	肺癌早期没有明显症状
0	一口西兰花，等于吃十条虫
0	大胃王吃播吃完催吐不会伤身体
0	长期服用比索洛尔降压药会损害肝、肾
0	孩子骨密度低证明缺钙
0	杭州医生提示：在人中涂风油精可有效预防呼吸道疾病
0	可以一道心理测试来识别精神病患者
0	牛奶中的天然雌性激素会导致乳房纤维腺瘤
0	个头大、切开以后不辣眼的洋葱是转基因洋葱
0	未标“GB18186”代码的酱油致癌
0	只用一点口水就知道会不会患癌
0	宝宝出生6个月内需要喂水
0	“橡皮蛋”是假鸡蛋
0	芹菜与虾同炒，既破坏营养又危害健康
0	可以根据西瓜的形状、颜色和纹路来挑西瓜
0	速冻食品没有营养
0	补充维生素D可预防癌症
1	全世界近一半的胃癌病人在中国
0	孩子发烧不能用药，要等自愈
0	调血脂的他汀类药物，价格越贵越好
0	祛黑头贴纸能祛除草莓鼻
0	一个月内的婴儿能用“小儿复方磺胺二甲嘧啶散”
0	对虾体内有白色寄生虫
0	鱼油和鱼肝油是同一种东西
0	肛周瘙痒是肿瘤信号
1	跟全层皮肤重建激光治疗相比，点阵激光的不良反应轻
1	有眼睛发红+发痒+脓性分泌物症状可能是结膜炎
0	美国爆发大面积丧尸病毒，现实版行尸走肉来了
0	抗氧化剂补充剂能预防癌症
1	红薯芋头等粗粮蒸煮时间越长GI（升糖指数）越高
0	通过症状可以准确判断肝硬化
1	糖尿病会在夫妻之间“传染”
0	进口车厘子检出新冠阳性所以车厘子不能吃了
0	可以局部减肥
0	加工牛奶连小牛都不能喝，否则会死亡
0	子宫肌瘤手术后不能吃发物（鸡、虾）
0	柠檬姜茶可以治疗冠心病
0	红光、热敷、理疗能有效保养卵巢
0	FDA官员承认过去30年的营养建议错了
0	西兰花在抗癌界是当仁不让的抗癌明星，能防8种癌
0	卵巢巧克力囊肿是因为性经历太丰富
0	不吃早餐可以减肥
0	多吃水果会导致便秘，在肠子里留“宿便”
1	任何特定的食物都不能降血糖，治愈糖尿病
0	输卵管结扎会导致卵巢功能衰退
0	身上有伤口吃了酱油会留疤
0	带防晒指数的底妆可以取代防晒霜
0	隔夜茶毒如蛇，不能喝
0	长了瘤就是得了癌
1	所有人都应该使用含氟牙膏
0	美国将推出治疗新冠的口服液，5天100％清除病毒
0	大数据显示，新冠并没有造成更多人死亡
0	吃面包会导致肾癌
0	鱼籽壮阳
0	乳腺有结节，不及时按摩疏通就会演变成乳腺癌
0	通过食物可以降血糖
0	吃辣椒能减肥
0	宝宝腹泻要用脐贴
0	吃车厘子一次别超过20颗
0	吃了紧急避孕药不能喂奶
1	剩菜不要反复加热
0	用红糖水刷牙可以去除牙垢
0	可利用癌细胞的无限增殖低成本生产肉类
0	胰岛素注射很恐怖、很痛
1	一周吃四次南瓜，女子全身皮肤变黄
0	猪油能消肿减肥、防湿疹、治便秘
0	镇痛药布洛芬副作用大不能用
0	南瓜与豆浆蒸煮能防治退化性膝关节炎
0	花生衣能补血
0	长期给宝宝补充维生素AD会中毒
1	糖尿病患者肿瘤发病率高
0	八宝粥是用海绵做的
0	食盐含亚铁氰化钾有害健康
1	近亲献血有健康风险
0	“防癌食品”和“抗癌保健品”能防癌
0	反季节蔬菜有害
0	每天用肥皂洗鼻窦可以降低感染肺炎风险
0	减肥可以只瘦肚子
0	亚麻籽油能降血脂
0	孩子“吃饱了就睡”会影响长高
0	女孩子胸部到15岁就停止发育了
1	女性一生能够成熟的卵子大约有400个
0	宝宝卵圆孔未闭不能坐飞机
0	乳汁是由血液转化而来的
0	重症肌无力患者活不长
0	小龙虾多用抗生素，吃了致癌
0	啪啪啪太多会导致生殖器颜色加深
0	敷盐包能减肥
0	每个癌症患者都是酸性体质
0	孩子有枕秃就是缺钙
0	笔直的黄瓜，是被喷了药
0	女生喝酸奶、可乐、奶茶会导致长胡须
0	非阿片类止痛药没有副作用可以大剂量使用
0	右手无名指比食指长的男性更容易得前列腺癌
1	紫杉中紫杉醇含量很少
0	日本“添加剂之神”的忏悔：添加剂食品不能吃
0	榴莲与可乐同食，可致咖啡因中毒，引发心脏病猝死
0	“酒煮海带”能让癌细胞自杀
0	含铜绿假单胞菌的饮用水无害
0	土豆二次加热会破坏营养，产生致癌物
0	春季是孩子的黄金补钙期，不要错过
1	补牙之前需要先磨牙
0	胖大海致癌
0	核桃营养丰富，经常吃核桃油孩子会变聪明
0	试管婴儿不会导致输卵管妊娠
1	巧克力囊肿是因为出血像巧克力液
0	大蒜可以防癌
0	每年210万儿童死于装修污染
0	推拿、按摩可以治好静脉曲张
0	草莓掉色是因为染色
0	喝孕妇奶粉容易发胖
1	喝酒伤胃应忌口
0	手术后喝鸽子汤伤口愈合不痒痒
0	“生剖”就是完全不打麻药直接进行剖宫产
0	输液会让孩子的大脑停止发育七天，免疫力下降
0	小龙虾是虫子，吃不得
0	西红柿、香蕉和火腿放冰箱会变有毒
0	吃美白丸能美白
0	空腹喝酸奶会影响消化功能
0	物理疗法能治愈高度近视
0	肾功能障碍和透析的患者不能食用奥司他韦（达菲）
0	血燕营养价值很高
0	柚子汁能减轻体重
0	自闭症会传染，不能让自己的孩子与自闭症儿童接触
0	PET/CT是万能查癌症机
1	单面煎鸡蛋无法彻底杀死细菌，容易引起中毒现象
1	男子感染狂犬病只因被爱犬舔了伤口
1	含有激素的鼻喷剂治疗过敏性鼻炎有副作用
0	只有输液疾病才能好得快
0	大蒜能缓解感冒症状
1	土豆应该放冰箱，不然容易产生毒素
1	没有简单可行的方法来分辨注水牛肉
0	喝红酒可以软化血管
0	夏季不能接种乙脑疫苗
0	有胃病的人不能喝粥，会刺激胃酸分泌
0	拍打拉筋术能治糖尿病
1	美国结直肠癌发病率下降主要得益于结直肠癌筛查
1	蕃茄酱和番茄沙司不一样
0	练瑜伽能减肥
0	癌症疫苗大获成功，癌细胞已扩散也可痊愈
0	“负卡路里”食物让人越吃越瘦
0	植物黄油不安全
0	罐头食品全是防腐剂
0	“无糖月饼”对健康有益
0	“械字号面膜”是化妆品，且比“妆字号面膜”更安全
0	喝精油可以治感冒和胃病
0	驴肉和猪肉同食会腹泻
0	临近保质期的食品，不可以吃了
0	鸡蛋不能与糖精同煮
0	每天叩齿能强健牙齿，拥有一口好牙
0	睡觉时腿抽搐、骨头发疼、腿部经常酸痛是长高的信号
0	用艾叶熏房间，可以杀灭流感病毒
0	吃车前草能抗癌
0	蹲下来头晕就是贫血
1	营养不良会导致脱发
1	有研究显示饮食不规律的人胃癌发生风险提高
0	隔夜饭会产生剧毒
1	蔬菜煮熟会让硝酸盐减少
0	公共厕所常见的干手器能在30秒内杀死新型冠状病毒
0	宝宝对特定配方奶“上瘾”是因为奶粉中添加了东西
0	网红“减肥笔”一月能减10公斤
0	吃加碘盐（海带/碘酒）可以有效防核辐射
0	会阴侧切是残害产妇
1	牙齿敏感不是因为洗牙，真正的根源还是牙周病
0	麦当劳用鸡将彻底告别抗生素
0	高血压患者不能吃榴莲
1	洁厕液与84消毒液混合会产生有毒气体
1	后悔药、绝情丹都是糖果
1	肥胖是影响女性患乳腺癌的重要因素
0	按照月龄细分的配方奶粉对婴儿更好
0	血橙里的红色是染的
0	土豆（马铃薯）生汁能治疗癌症
0	王云慧主任称四名孩童服用尼美舒利颗粒死亡
0	蚂蚁可以治病
0	空腹不能喝牛奶
0	奶粉冲得越浓越有营养
0	哈佛最新研究显示，生白发能够降低患癌风险
1	男人比女人更容易得痛风
1	早期食管癌会出现与进食无关的胸后异物感
0	小孩发热服用布洛芬混悬液会致死
0	茶叶煮鸡蛋不利于吸收铁
0	绿豆解药（西药和中药）
0	寒冷能激活棕色脂肪，可以让人变瘦
0	催熟剂可以让西瓜内部长出塑料
1	非哺乳期也会出现乳腺炎
1	长期服用冰硼散会中毒
1	过量饮酒可能导致听力下降
0	吃猪肉会感染新型冠状病毒
0	有机纯植物饮食更健康
1	卡铂有副作用，会抑制骨髓造血功能
0	喝苏打水会导致骨质疏松
0	吃豌豆能降低血糖
0	钟南山团队研究表明，吸烟者病毒感染率远低于非烟民
0	豆浆比牛奶更补钙，中国人补钙更适合喝豆浆
0	 网上团购的生鲜食物会携带新冠病毒
0	12岁小学生肺癌晚期怪喝饮料熬夜
0	宫颈癌2价疫苗不如4价疫苗，是“淘汰货”
0	空腹吃山楂会伤胃
0	自热火锅发热包对人体健康有害
0	中科院：吃肉相当5粒避孕药，小学生检出兽用抗生素
1	人工泪液可以治疗干眼症
0	存在“无距离遗传”
0	妊娠纹可以有效预防
0	宫颈癌疫苗使受孕率下降
0	肚皮长毛能“生男孩”
0	健胃消食片可以健胃消食，促进消化
0	江苏一男子狂犬病发被处安乐死
0	蜂蜜含雌激素，男孩不宜喝
0	茶要少喝，喝多了对心脏不好
0	美国百事等公司使用流产婴儿组织制造产品
0	无花果可以治疗腹泻
1	隐翅虫会导致皮肤发炎
0	可乐加味精是春药
1	吃深色植物会导致大便呈蓝绿色
1	痛风患者应少吃海鲜等高嘌呤食物，多吃低嘌呤食物
1	怀孕生小孩会导致便秘
0	吸烟可以预防非典，因为烟油可以阻挡病毒进入肺细胞
0	小分子团水能给人体细胞排毒
0	“无癌之国”斐济40年间90万人无一人得癌
1	阿司匹林可治疗脚癣、皮癣
0	国外“视力恢复术”能治疗近视
0	亚麻籽油可以降血脂
0	莲雾、桑葚、榴莲、红豆、南瓜能对抗子宫衰老
1	人在饥饿的时候，容易发脾气
1	喝纯牛奶可以解重金属中毒
0	血燕，是燕子吐血而造的窝
0	日本厂家推出一体化防护头盔
0	国外的宫颈癌疫苗不适合中国人
1	雾霾对人体的危害是全方位的
1	乳腺癌早期治愈率很高，达到80%-90%
1	3岁以下婴幼儿不宜吃巧克力
1	久坐会折寿
0	少吃主食就能治好糖尿病
0	秋葵泡水可治愈糖尿病
1	胃癌高危人群建议40岁后进行胃癌筛查
0	共用水银腋下体温针会造成交叉传染
0	 精油、药物按摩可以有效保养卵巢
0	男性喝豆浆会变娘
1	边缘不规则的痣要注意
1	肠型胃癌基本上会经历四个阶段
0	隔夜菜不能吃
1	弥漫性胃癌最好的预防方式是全胃切除
0	奶精里面含牛奶
0	草药蒸下体（阴道）能清洁阴道子宫、治痛经妇科疾病
0	溏心蛋比全熟蛋更有营养
0	一个月大的宝宝舌苔厚白是消化不良
1	冬季是肺结核高发的季节
0	饭后抽烟和立即睡觉会诱发脑梗
0	孕期按摩乳房可以增加乳汁
0	跑步会粗腿
0	绿豆用铁锅煮生成黑色单宁铁，会影响人体消化吸收
1	西瓜最中间的那一块最好吃
0	维C可以预防新型冠状病毒肺炎
0	推拿能够将突出的椎间盘复位
1	怀孕会导致母乳的奶量和口味产生变化
1	肥胖的人更容易得子宫肌瘤
0	醋泡海带可以减肥
1	早期结直肠癌治疗效果好
0	钙补多了会导致宝宝头太硬，生不出来
0	小虫子可以传播艾滋病
0	鸡蛋不宜与海鱼同食
0	脚底冰凉、脚部水肿、双脚发臭，说明肾脏出了问题
1	日常接触不会感染艾滋病
0	子宫内膜脱落不下来会造成痛经，积累成为子宫肌瘤
0	镭射减肥不反弹
0	开闪光灯拍照，宝宝会被“闪瞎”
1	防炭疽吃畜肉要煮沸
0	趴睡有益于婴儿胃的蠕动及消化，能预防呕吐
1	小孩子戴眼镜遮住一只眼是为了治疗弱视（遮盖治疗）
0	香蕉皮能治病
0	天然泻药能治疗便秘、排宿便、排毒素
0	雪糕不易融化全靠添加剂，长期食用危害严重
0	羊奶皂添加羊奶，对皮肤有神奇功效
0	婴儿辅食需要加盐
0	红皮鸡蛋比白皮鸡蛋营养更高
0	长期便秘容易得大肠癌
0	颜色鲜红、果实较硬、不易裂的番茄是转基因的
0	20年大样本研究证明“适量饮酒有益健康”
0	国内约有21000家医疗机构被要求停止输液
0	干眼症也可以戴美瞳
1	阴道炎要治疗好了才能备孕
0	钟南山：已挺过一个14天，2月7号起第二个14天
0	精榨菜籽油级别越高越好
0	用蛋清能够治疗烧伤
0	脖子上的“富贵包”会压迫动脉致死
0	脑袋大的宝宝更聪明
0	菌类不能和茄子一起吃
0	新冠死者平均只损失了几个月的寿命
1	恶性肿瘤可能发生在间胚叶或结缔组织（骨肉瘤等）
1	自然和社会因素影响流行性脑脊髓膜炎的流行
1	男性也会得乳腺癌
1	新型冠状病毒无症状感染者存在传播风险
0	长期喝松针茶，会导致骨质脆化
1	脸上的雀斑可以用激光点掉
1	我国是肝癌高发国家，占全球肝癌的50%以上
0	生姜红糖茶可以治疗痛经
0	云南文山平坝野生菌毒死一家六口
0	乳酸菌素片可以治疗小儿腹泻、消化不良
1	做冷光美白牙齿会疼
0	治疗抑郁症可以3天见效
0	宫寒的人怀孕，孩子等于住在冰冷的房子里面
1	不抽烟不喝酒不吃辣也有可能得肺癌
1	减少反式脂肪酸的摄入，可以降低心血管疾病的风险
0	皮试可以准确判断人体是否对药物过敏
1	长脂肪是人类面对恶劣的生存环境演化出的基本技能
0	献血能减肥
1	高龄产妇出现胎儿染色体异常的风险更高
0	心搏骤停！只需捏捏腋窝抬抬手
0	利用月经周期可以有效减肥
1	暴饮暴食或急速的高脂肪饮食可能会激发胰腺炎
0	想生男孩吃半年热干面
1	硅凝胶对于面积小的疤痕有祛疤作用
0	中风偏瘫分“男左女右”
0	肉松洗出棉花絮状物
0	“黑色冰淇淋”会影响身体营养和药物的吸收
0	麦片中含有超标的草甘膦，会致癌
0	男人性生活过于频繁会折寿
0	洋葱熬水可以止咳、增强抵抗力
1	腿麻可能提示糖尿病脑中风等疾病
0	开心乐园餐放了六年都没有像一般的食物那样腐烂降解
0	弱视是因为眼睛疾病引起的
1	过度饮酒可能会导致“假日心脏综合征”
1	亲吻可能导致宝宝脑瘫
0	新冠疫苗含艾滋病毒、狂犬病毒序列，还会入侵大脑
0	豆腐忌菠菜，同食会得肾结石
0	吃鸡蛋会“伤心”
0	金针菇与金针菜（黄花菜）是一个东西
1	美国一公司发布的“人造牛肉汉堡”口味营养堪比真肉
0	糖尿病人不能吃栗子
0	人需要吃保健品补充辅酶Q10
1	共餐不会传染乙肝
1	哺乳时挤压按摩乳房效果更好
1	高尿酸人要多喝水
0	人的胃会越撑越大，越饿越小
0	大西瓜放400天不烂，只因喷了防腐剂
1	短效避孕药可以调节月经（生理期）
0	芸豆补钙效果比牛奶强
0	葡萄无籽是“服”了避孕药
0	药物或保健品能溶掉骨刺
0	吃水果蔬菜就会感染新型冠状病毒
1	多吃蔬菜水果可以预防胆结石
0	儿童夜里磨牙就是肚子里有蛔虫，要驱虫
0	青梅精可以减肥
0	智能手表可以直接检测出新冠患者
1	过度减肥，可能导致月经（例假）不来，甚至闭经
1	咸菜没腌透，对身体有害
0	HIV携带者=艾滋病患者
0	红薯叶能改善便秘
0	孕期不能拍X光片
0	孕前检查是女人的事
0	肺气肿会传染
0	吃萝卜后半小时内，最好不要再食用其它食物
0	晚生（超过预产期）的孩子更聪明
0	乙肝抗病毒药有成瘾性，不能吃
1	杨梅最容易生虫
0	裸眼视力和近视度数是一回事
1	提子是葡萄的一种
0	复原乳是假牛奶，堪称奶中“地沟油”
0	空腹不能喝牛奶，蛋白质不能完全吸收，有损健康
0	饮食疗法能抗肿瘤
0	湿疹多半是吃出来的，医生说三种食物，再美味也别吃
1	尿酸高的人不建议吃虾
0	高蛋白饮食致癌
1	人体每日摄入过多食盐易患多种疾病
0	马拉松是“健康杀手”
0	热水冲蜂蜜会破坏营养
0	空气炸锅煎炸的食物会致癌
0	薄片奶酪含有致病磷酸盐不能吃
0	28岁“水泥妹”每天扛50吨水泥赚钱救夫
0	蘑菇小米大黄米同食会产生毒素
1	40岁以上女性建议每年1次乳腺X线检查
0	长期不生病的人，一得病就是大病
0	黑松露可以增强体质、提高性能力
0	口服含有姬松茸成分的产品可以清除HPV病毒
0	焦点访谈称啤酒饮料中含有多菌灵，饮用后可致癌
0	洋葱不能跟蜂蜜一起吃
0	意外怀孕不想要孩子，敲打腹部就能流产成功
0	红壳鸡蛋更有营养
0	泡水显出深红色就是染色花生
1	熟肉放冰箱冷藏柜里不适宜超过四天
0	低血糖=贫血
1	裸睡可以提高睡眠质量、让皮肤更好，还有助减肥
1	不建议肾病患者吃杨桃
1	敏感性皮肤要用特定的护肤品
0	高福和钟南山对“打不打疫苗”的说法不一致
0	酸奶出黄水不能喝
0	戴变色眼镜会诱发白内障
0	癌症患者不能喝牛奶，会导致缺铁性贫血
0	用椰子油、芦荟、茶树精油洗头能有效去除头皮屑
0	心脏荷尔蒙可以使癌症自愈
0	撕不烂的紫菜是塑料做的
0	穴道按摩能治好近视
0	维生素Ｅ能够去除脂肪粒
0	患荨麻疹的时候不能要小孩
0	十二点出生的孩子更壮实聪明，因为正午“阳气”最足
0	结石患者不能喝豆浆
0	多喝60度的开水能预防新型肺炎
0	孕期不能吃冰淇淋
0	吃蒲公英能抗癌
0	炸鸡、烤肉、辣条导致青春期男孩头皮出油
0	猕猴桃和奇异果是两种水果
0	土豆烧牛肉会引起肠胃功能紊乱
0	高级的神户牛肉比普通牛肉营养更好
0	吃伟哥会上瘾
0	台湾专家：根据一篇论文可以得出新冠病毒源头是美国
0	鸡蛋过敏者不能接种流感疫苗
0	法国的新冠变异株能逃避核酸检测
0	吃花生皮能补血
0	全国优质医院专科排行榜发布，看病不愁，快收藏！
0	螃蟹加西红柿等同吃砒霜
0	鸡蛋煮久了，会产生有害物质，营养变差
0	食用畸形膨大的草莓会致癌
0	食物的酸碱性会影响生儿生女
0	坐飞机高空氧气稀薄，胎儿会缺氧
0	皮皮虾煮熟后有红色硬状物，是被“注胶”的
0	安宫牛黄丸可以预防、治疗中风
0	猪油可以补充维生素A
0	红薯叶能促进乳汁分泌
0	排酸肉（冷却肉）更营养
0	长期吃降压药的人，会记忆力减退、便秘、腹泻
0	血管堵塞20%没感觉，40%容易累，50%血压高
1	风湿病和免疫相关
0	谷物（小麦）中的麸质对身体健康有害
0	微电流可以美容
0	少女痛经，结婚了就能好转
0	鸡爪有五个爪子的不能吃
0	玛卡是“植物伟哥”，能补肾（改善性能力）
0	母乳会导致新生儿黄疸
0	糖尿病人可以放心吃无糖食品
0	腰疼的原因是肾虚
0	空腹喝蜂蜜水会增加身体酸性
0	妇产科手术后不能进食
0	追求最好效果，就打三针的新冠疫苗
0	带钢圈文胸会导致乳腺癌
0	催熟水果会导致性早熟
0	低碳水化合物饮食能减肥
0	孕妇多吃水果宝宝皮肤好皮肤白
0	点燃生命的奇迹：快乐旅游治愈癌症
0	FDA专员公开认错：我们给的营养建议，错了
0	豆浆能提升孕酮
1	点外卖感染新冠病毒的可能性极低
0	容易生疖的人不能吃桃子
0	手机长期挂在胸前（放在胸罩中）会导致乳腺癌
0	多吃水果会导致女性提前绝经
1	雄秃是多基因遗传病
1	牛乳蛋白过敏的人最好不要喝牛奶
0	辉瑞疫苗对亚裔有效率不足
0	新型冠状病毒是SARS病毒的进化
0	不吃晚饭能减肥
0	无糖元宵真的无糖
0	洗发水中的成分会导致脱发
0	研究证明不晒太阳的人死亡风险更高
0	国产疫苗技术落后30年，打疫苗就有毒副作用
0	蜂蜜柚子茶可以保护吸烟者的健康
0	0-3岁宝宝感统失调要训练
0	马奶粉营养丰富，能替代母乳
1	抗病毒的感冒药没有什么用
0	吃瓜子会致癌
0	产后半月不能吃水果青菜
1	剖宫产的女性也可能出现阴道松弛
0	空腹状态下不宜输液
0	体检发现尿糖阳性就是得了糖尿病
0	通过饮食就可以清除幽门螺旋杆菌
0	孕妇完全不能吃动物肝脏
0	酒精会杀死脑细胞
0	喝牛奶会导致咳嗽和多痰
0	蜂蜜含雌激素，吃多了会得子宫肌瘤
1	发生旅行者腹泻可以使用蒙脱石散
0	耶鲁大学证明“红酒抗癌”
0	海鱼比河鱼更营养、更安全
0	分娩镇痛后会不会没力气生孩子
0	柠檬水、普洱茶、花草茶有刮油燃脂的效果
0	“冰箱病”是由冰箱导致的，不能吃冰箱里的食物饮料
0	沿海地区居民食用海产品补碘就足够了
0	盐灯治百病
0	吃杏仁能美白
0	新鲜银耳有毒
0	复原乳没营养孩子不能喝
0	宝宝吃奶是靠口腔的吸力把乳汁吸出来的
0	埃博拉病毒是白种人的阴谋，为了盗卖人体器官
0	甲醛豆腐切记不要买，这2个地方一看便知
0	无论什么肉，放冰箱超过3个月，就不能吃了
1	自热火锅使用不当会发生爆炸
1	10岁以下儿童慎食新鲜蚕豆
0	多吃菠菜能补血
0	胃肠功能不好的人不能吃洋葱
0	纯净水里面含防腐剂，开了之后要1天喝完
0	药妆、医学护肤品就是具有医学治疗功效的化妆品
0	细支香烟中的有害物质少，和粗支香烟比起来更健康
1	最好的补钙方式是“饮食补钙”
0	吃生姜、涂大蒜，可以去除老年斑
0	胆囊炎最终都会变成胆囊癌
1	一个44岁法国男子没“脑子”也能正常生活
0	扎中风患者的手指可防止脑部受进一步伤害
0	哈夫病都是小龙虾导致的
0	刚晒过的被子不能盖
0	拥吻照里的意大利医生夫妇，抢救百名病人后感染死亡
1	氟化物可以预防龋齿
1	皮脂钳测男性脂肪需要胸部、腹部和腿部三处
0	常吃红枣有利于改善血管健康，养肝补血
0	花生芽可以抑癌、降血脂、防治心血管病、抗衰和减肥
0	香港大学研究出了能攻克艾滋病的新药
0	反季节蔬果危害健康
0	冷光美白和超市里卖的美白牙贴一样
1	使用酒精消毒，别往空气中喷，也别随便往自己身上喷
1	甲亢患者需要禁食高碘食物和避免使用加碘盐
0	盒装方便面会导致性早熟
0	混血儿二三代后会出现基因缺陷
0	吃炖烂的肥肉有益健康
0	柚子皮能治病抗癌
0	吃消炎药不能吃鸡蛋
1	乙酰氨基酚可能导致皮肤出现药疹
0	尖锐湿疣会扩散全身
0	长斑的鸡蛋已经感染了细菌，不能吃
0	阴囊潮湿与前列腺疾病有关
1	原因不明的体重减轻可能提示癌症风险
1	全胃切除手术后需要补充营养剂
1	长期喝纯净水不利于补钙
0	黄鳝养殖添加避孕药
0	煎鸡蛋比煮鸡蛋更有营养
0	个头越大的虾口感越好
0	猪肉里惊现“油炸不熟”的寄生虫
0	白癜风不能吃鱼
1	肿块结节不一定就是癌症
0	尖顶西红柿有害
0	醋泡花生能够软化血管降血压
1	经常低头看手机可能导致双下巴
0	输入人血白蛋白会感染乙肝和艾滋病
0	长期食用氯化钠会导致肾衰竭
1	持续性过量饮酒会增加肝癌的患病风险
1	筛查可以有效降低乳腺癌死亡率
1	天冷可能导致抽筋
1	长期服用减肥药会增加肺动脉高压的发病风险
0	茄子中的草酸会伤害胃黏膜，导致癌变
0	厨房里的油壶不经常清洗会引发胃癌
0	产后瘦身越快越好
0	一家四口因“不吃盐，每周吃一瓶酱油”全生病
0	肌肉越酸痛说明锻炼越到位
0	某品牌维生素AD药物伤害宝宝大脑
0	肺结节可以吃食物消除
0	酸儿辣女
1	心脏也会得癌症
0	宝宝晚睡会长不高
0	预防流感可以多吃红色的食物
0	面粉中添加增筋剂，是用于生产瑜伽垫和鞋底的原料
0	常喝啤酒能预防骨质疏松
0	高血压没有症状就不用管
0	螃蟹注胶
0	改变阴道酸碱度可以提高受孕率
0	宫颈糜烂是病，要赶紧治
0	宝宝一发烧就要屁股推针
1	憋尿有可能破坏膀胱弹性、诱发感染和影响肾功能
0	豆浆不能装进保温瓶
0	吃蔓越莓可以补维生素C和铁
0	雾霾产生的病菌侵害12岁以下儿童，具有传染性
0	银可以带走体内湿气
0	月经期间吃甜酒煮鸡蛋加红糖能治疗妇科病
0	抗生素能有效预防和治疗新型冠状病毒
1	剥脱性点阵激光比非剥脱性点阵激光效果好
0	空腹吃水果更有利于营养的吸收
0	皮肤上红色的痣是衰老的象征
1	顺铂可以有效治疗实体恶性肿瘤（睾丸癌、卵巢癌）
0	疫苗破坏人体免疫系统
0	小宝宝不可以竖着抱
0	日本医学专家提出热水抗癌新方法，人人都可轻松做到
0	胸部小的妈妈有哺乳问题
0	香蕉能很好地缓解和预防便秘
0	凯撒沙拉是以凯撒大帝的名字命名的
0	竹盐能治疗尿毒症和高血压
0	芒果很甜，糖尿病患者不能吃
1	干性皮肤不宜选用碱性强的化妆品和香皂等
0	润肺茶可以排出多年烟毒
1	最好别给宝宝戴手套，否则影响宝宝痛温觉等感知能力
0	减肥必须坚持3个月，因脂肪细胞更新周期为3个月
0	淋巴结肿大是得了艾滋病
1	火腿肠是用次等肉做的
0	无糖食品可以随便吃
0	孕期做 CT 或 X 光检查会导致胎儿畸形
0	接吻会传染幽门螺杆菌
1	妈妈饮食太油腻可能会导致堵奶
0	买回家的生肉可以用水龙头直接冲洗
0	婴儿湿疹不能用激素软膏
0	白酒冲生鸡蛋可以治肠炎
0	河南信阳今天下午两点封城
0	喝漂白剂能预防艾滋病
0	热瑜伽（高温瑜伽）可以减肥
0	吸烟越多，智商降低得越多
0	韭菜灌根用了农药，是毒韭菜
0	维生素A伤害宝宝大脑
0	奶片是牛奶浓缩而成，可以代替牛奶
0	叶黄素能治疗白内障
0	芝麻酱放进冰箱会致癌
0	避孕药会导致不孕不育
1	糖尿病会引发糖尿病视网膜病变并发症
0	分娩前喝蜂蜜水可缩短4小时产程
0	无糖饼干能减肥
0	“盐+白酒”含在嘴里可以治牙疼
0	膳食纤维能预防流感
1	甲减要控制热量摄入
0	柚子不能和药一起吃，会导致猝死
1	孕期不建议接种HPV疫苗
0	喝苏打水可以美容养颜
0	卫生纸里的荧光增白剂可以致癌
0	婴儿打针不哭是因为不聪明、反应迟钝
0	乙肝是遗传病，能传给下一代
0	狗天生体内就有狂犬病病毒
0	橄榄油适合婴幼儿发育
0	产前的B超检测会影响胎儿身体发育，造成畸形
0	化妆品用锡纸封口就证明其不含铅汞等重金属
1	二氧化氯消毒剂可以用于消毒
0	季铵盐类消毒剂苯扎氯铵(洁尔灭）能灭活新冠病毒
0	鸡蛋和紫薯一起吃会中毒
0	中午带饭吃成为胃癌诱因
0	月经期间不能吃红枣，因为会来很多
0	己烯雌酚能把男人变成“伪娘”，可以挽回出轨的老公
0	免疫疗法可以治好习惯性流产
0	海水鱼没有寄生虫
1	油墨稀释剂长期超标吸入会危害健康
0	人的胃会被越撑越大，越饿越小
0	干酪、牛奶和亚麻籽油为核心的巴德维食谱是抗癌秘方
1	骨龄可用来估计儿童的生长潜能，预测可能的成年身高
0	澳洲的西芹籽能治痛风
0	所有的肝炎都具有传染性
0	橘子瓣上的白丝营养价值高
0	可以用面粉治疗烫伤
0	小葱拌豆腐多吃会得结石
0	饮用电解水更健康
0	骆驼奶中含有胰岛素，可以治疗糖尿病
0	喝红糖水和热敷就能缓解痛经
0	负电位水质好，有利健康
0	用纸尿裤（尿不湿）制作口罩可防护新型冠状病毒感染
0	月经期间不能吃醋
0	一个月大喂奶粉的宝宝还需要单独喂水
0	脑梗源头已发现，肥肉没上榜，第一名我们几乎天天吃
0	长期过量食用含柠檬酸的金针菇会致癌
0	马上删除，太恶心了！火腿肠是用死猪死牛搅碎做的
0	茶叶有提神醒脑的作用，烟丝泡茶叶能戒烟
1	处理痣建议到正规医院规范处理
1	急性会厌炎可能致命
0	鸡蛋黄越黄越有营养
0	香精玉米有害，会损坏肝脏
0	满月宝宝枕枕头能保平安
0	吃竹笋（莴笋、芦笋）能降高血压（三高）
0	新衣服不洗就穿会致癌
0	雾霾与肺癌没有直接相关
0	枸杞泡酒能够生精壮阳
1	肿瘤复发是较大概率事件
0	一场比“非典”更恐怖的疾病正在全面爆发，千万小心
0	孕妇不能吃山楂
0	“坐月子”能治好妇科病
0	金名斛等草药泡水喝可以治疗乙肝
0	白藜芦醇能清理体内毒素、抗衰老、抗氧化
0	科学家发现再生牙齿的药物
1	核桃最好生吃，营养更丰富
1	虾营养价值丰富
0	舌下取栓可以取出血栓
0	男性精液能抑制新型冠状病毒
0	生吃西红柿等于抽烟
1	维生素A能有效去皱
0	知了猴带有细菌和致命寄生虫，吃了会致死
0	吃黑米、黑豆、黑芝麻能让白发变黑
0	空腹吃水果能杀毒抗癌
0	有高血压的医生没资格看高血压的病人
0	猪粉肠里的白色粉状物是大便
0	五行蔬菜汤能预防慢性病，提高免疫力
0	洗涤剂中的荧光增白剂会致癌
0	食物（食醋木耳红酒）和保健品可以软化血管
0	吃非油炸薯片能减肥
0	喝果蔬汁能减肥
0	胡萝卜和白萝卜混合吃会破坏维生素C
0	开水烫内裤能消毒杀菌
0	吃巧克力会增加女性雌激素
0	水果受冻后易产生亚硝酸盐
0	冬吃羊肉赛人参
0	睡前喝牛奶影响生长激素分泌，会让孩子少长10厘米
0	冰淇淋越难融化，说明添加剂越多
0	豆浆不能和鸡蛋一起吃
0	姜汁可以去狐臭
0	输液和抽血千万不要在左胳膊上，不然会猝死
0	牛奶不能和猕猴桃一起食用，会影响消化吸收
0	吃鱼头鱼皮相当于吃砒霜
0	给宝宝绑腿能长直
1	经常得口腔溃疡可能和遗传有关
1	中央空调存在传播新型冠状病毒的可能性
0	香菇能降血压抑制胆固醇预防动脉硬化
0	大蒜和冰糖一起煮水喝可以预防治疗新型冠状肺炎
0	鱼油能养护心脏
0	汤泡饭会伤胃 
0	炒鸡蛋不能放味精
0	温度超过100℃味精就会致癌
0	美国纽约大量青壮年一发病就上呼吸机，是ADE导致
0	某品牌天眼晶睛可以保护眼睛预防近视
1	开水冲蛋可能存在健康风险
0	新生儿要退猪毛风
0	全粗粮饮食有助于延长寿命
0	十二指肠炎不能喝牛奶
1	夏天洗冷水澡猝死根源是自身疾病 
0	纯净水有害健康
0	小女孩阴道出血是来了月经
0	卷腹带让你不用锻炼，就能拥有腹肌和马甲线
0	颜色鲜艳的草莓是经过染料“美容”的
0	喝柠檬苏打水可以预防新冠肺炎
0	食用色素有害
0	接吻会感染幽门螺杆菌
1	孕期（怀孕）尽量不要用指甲油和喷雾发胶
1	决定胖瘦的不是BMI，而是脂肪含量
0	早上精神好吐字清晰、不胸痛胸痛水肿，说明血管不堵
0	吃鳄梨（牛油果）能减肥
1	糖尿病会引发糖尿病足病并发症
0	少吃食物可以把癌细胞饿死
0	器官捐赠者在手术中仍能感受痛苦
0	李兰娟说“零下20℃，新冠病毒可存活20年”
0	南京出现70多例新冠阳性患者
0	女人重度“宫颈糜烂”就毁了
0	HIIT是减肥神功，效果9倍于传统有氧运动
0	鱼肚子里的黑膜有毒
0	空腹不能喝豆浆
0	低聚肽保健品能增强免疫力、降血压、降血脂、护肝
0	“放血疗法”有奇效
0	中国人习惯的煮饭方法砷残留物最多，会吃进很多砒霜
0	太赫兹能量鞋能激活细胞、治疗偏瘫脑梗
0	黑色的塑料外卖餐盒有毒会致癌
1	饮酒会增加前列腺疾病风险
0	乱发脾气、熬夜、趴着睡觉会糟蹋乳房，导致乳腺疾病
1	剧烈运动可能让黄体破裂
0	植物奶油毒性堪比杀虫剂
0	豆腐忌蜂蜜，同食会腹泻
0	喝冰水和饮料会肾虚，影响记忆力
1	儿童学跳舞下腰不当可能损伤脊髓
1	失眠会增加患老年痴呆的风险
0	胃药和肠药能混用
0	牛奶不能和巧克力一起食用
0	基因检测可以检查出早期癌症
0	低聚肽保健品营养更丰富更容易被吸收
0	面条洗出胶，不能吃
0	肠粉吃多了会铝中毒
0	阴道炎患者不能吃鸡蛋
0	肉鸡养殖场的饲料能毒死苍蝇，不安全
1	长期高浓度使用84消毒液，可能导致过敏性肺泡炎
1	反复流产对女性身心有严重的不良影响
0	新冠病毒一直在变异，疫苗没用了
0	鱼鳞能美容养颜
1	咸菜等腌制食品会增加胃癌风险
0	妈妈感冒时不能哺乳，感冒病毒会通过乳汁传递给宝宝
1	中国是乳腺癌低发地区
0	眼神对视会传染新型冠状病毒
0	牛磺酸滴眼液可以预防白内障
0	适量饮酒可以抵抗新型冠状病毒
0	感染新冠可以“以毒攻毒”治疗癌症
0	“变形”雪糕会危害身体
0	洗洁精致癌
0	中国人聪明是因为爱喝茶
0	中国人天生不宜喝牛奶
1	微量元素检测，没有必要作为婴儿体检的必检项目
0	鸸鹋油能消炎、治疗皮肤病、关节炎、美容
1	号称能壮阳的悍马糖可能危害身体健康
0	多吃辣容易得老年痴呆症
1	癌症临床诊断中N下标为0表示没有淋巴结转移
0	看肚脐形状能判断是否有胃、胆囊疾病
0	一氧化氮可以软化血管，防止血管老化
0	多吃维生素C可防止晒黑
0	大妈给青蟹打针注射
1	多吃水果蔬菜有利于预防子宫肌瘤
0	头发爱出油、头皮有白泥、长痘痘，是因为螨虫遍布
0	蜂王浆含雌激素，常吃会导致乳腺癌
0	同性性行为传播导致艾滋病感染者人数激增
1	久坐不动比常运动的人患结肠癌的风险高
0	“土榨油”“自榨油”更安全更健康
0	橘子榨汁比直接吃橘子更好
0	实拍街头烧烤如何把老鼠变成乳鸽
0	酱油含“化学黑焦糖”致癌
0	降血糖药有依赖性
0	患有冠心病、肩周炎的患者吃水果会导致心痛、背痛
0	怀男孩肚子尖，怀女孩肚子圆
0	吃刚烤的面包会导致胃病
1	牛黄解毒片是孕妇和婴幼儿禁用药
0	8岁男孩脖子发黑全赖碳酸饮料
1	成年人得水痘更严重
0	尿不湿容易造成罗圈腿等问题
0	网红茶饮里添加的“日落黄”，长期食用会伤肝伤肾
1	水下称重法是通过人体密度计算脂肪含量
1	感冒和流感不是一回事
0	吃鸡蛋会增加心血管疾病、癌症风险，怎么吃都有害
0	用吹风机最高档吹口罩30分钟可以消毒
0	酒精可以治脚气
0	为卖高价格，农户给杨梅打膨胀剂
1	维生素c泡腾片不能用热水泡服
0	鸡肉不能多吃，会得子宫肌瘤
0	野生鱼安全又美味
0	给宝宝用抗生素，病情缓解就要停止用药
0	可以通过呕吐判断怀孕是否正常
1	接种狂犬病疫苗后也有可能出现预防失败的情况
0	靠肚脐贴能治便秘/腹泻/痔疮
0	食物的营养精华都在汤里
0	柚子中含sbitch5病毒可致人身亡
0	甲减不能喝茶
0	甜菜根富含维生素C，能够美白养颜
0	大量喝水能预防新型冠状病毒感染
0	吃了“激素”猪肉导致拉肚子
0	指甲上有白点说明肚子里有蛔虫
0	禾花雀能壮阳
0	得了视网膜母细胞瘤一定会死
0	关节炎是冻出来的
0	身上静电太强是生病征兆
0	毛发剪得越勤，长得就越快越好
0	胸小的妈妈奶水不足
0	坐月子不能刷牙漱口
0	风湿是风吹的
1	火龙果可以通便
0	对羟基苯丙氨酸检测试剂能检测出重大疾病
0	用试纸测排卵选择同房可以提高生男孩机率
0	丙肝可以注射丙肝疫苗来预防
1	激光疗法可以治疗脱发
0	一颗蛀牙治多次，因医生想要多赚钱
0	宝宝出现尿布疹时，尿布裹得严实没事
0	香蕉有辐射，所以日常吃香蕉对身体有害
0	查出来血糖高就是糖尿病
0	眼球操能治好近视
1	研究发现新冠病毒的源头不是华南海鲜市场
1	喝酒可能导致肝硬化
0	吃海带可以补血
0	反季水果不安全，吃了有害健康
0	温泉鱼疗会传播艾滋病和肝炎
1	不同食物会影响母乳的颜色
1	辣椒素可以用作止痛药
1	如厕的时候玩手机可能会导致痔疮
0	查查DNA，就能准确算出人类首次性行为时间
1	过期妊娠对胎儿和母亲非常危险
0	饮用水中加氟会降低人的智商
1	吸入病毒携带者的二手烟可能会感染新型冠状病毒
0	美容院的项目可以肝胆排毒
0	面粉越白质量就越高
0	男生肾不好，会手掌发黄、腋窝、尿液发臭
0	若夫妻二人都是HIV感染者，没必要做性安全措施
0	保质期长的食品内含很多防腐剂
0	长期服用地平类降压药会损害肝、肾
1	运动可以降低乳腺癌风险
1	膳食胆固醇与血脂之间没有明显相关性
1	B超可以作为诊断附睾炎的方法
0	早孕期间做阴超会流产不安全
0	枸杞营养丰富，泡水喝可以护肝养肝
1	补牙后两个小时内不能吃东西
0	解酒药能解酒
1	注射用赖氨匹林3个月以下婴儿禁用
0	月经来了不能吃火龙果
0	吃榴莲会查出酒驾
1	用唾液艾滋病检测试纸可以在家快速检测艾滋病
0	蔬菜叶子上的蓝色颗粒是无水硫酸铜
0	新冠恐怖后遗症出现！每个患者都会出现可怕血栓！
1	吃辣的食物，眼睛会分泌白色的东西
0	淘米水能养胃、去甲醛、去油漆味、洗衣服能去污
0	脚后跟开裂是因为缺乏维生素和胶原蛋白
0	大量非洲留学生涌入导致我国艾滋病人数激增
0	德国采用雾化手段治愈4例新冠肺炎患者
0	热性惊厥危害宝宝的大脑发育
0	合格的口罩会吸附大量纸屑，反之就是不合格的口罩
0	只有女人会得厌食症
0	空腹吃菠萝会伤胃
0	蜂蜜有治病功效
0	糖尿病人多吃菜不要紧
1	咸菜罐头不能多吃
0	钢圈文胸会导致乳癌
0	人血白蛋白可作为一线扩容剂
0	热水洗苹果渗出红色液体即为染色苹果
1	吃感冒药的同时不能喝酒
1	不少药吃下去后有致光过敏反应
0	清宫图能预测胎儿性别
0	鸡胚蛋会导致性早熟
1	产后脱发是正常现象，不用担心
0	跟红眼病的人对视会得红眼病
0	螺旋藻能降血脂、降血压、降血糖、减肥
0	有商贩给桃子喷防腐剂
0	“小蔬菜”都比“大蔬菜”更有营养
0	喝茶（谷谷丁赤玫茶）可以预防妇科炎症
0	大闸蟹抗生素喂食超标
0	红糖水可以调理迟到的月经
0	吃黑糯米、桂花、大蒜可以清除幽门螺杆菌
0	乳腺增生不能喝蜂蜜水，喝蜂蜜水导致乳腺增生
0	防溢乳垫贴在非医用一次性口罩上能过滤病毒
0	免洗头梳子可以防止脱发
1	紫外灯发出的短波可能会灼伤眼睛，导致电光性眼炎
0	站起来吃东西会导致胃下垂
0	英国新冠疫苗人体试验先行者Elisa已死亡
0	便秘会遗传
0	喝咖啡会导致胃溃疡
0	饭后游泳的人更容易溺水
0	阿胶燕窝可以补血
0	糖尿病是吃糖太多
0	长期穿高跟鞋会增加患癌风险
0	感染了HPV一定会得宫颈癌
0	小孩吃水果会导致慢性咳嗽
0	转基因作物不能留种
0	萝卜不能和酸性水果同吃
0	一天一片阿司匹林，有病治病没病强身
0	宝宝耳朵上的小洞是“聪明孔”，代表富贵命
0	发烧了就要去打退烧针迅速降温缓解症状
0	掉头发食物名单公布：味精、肉、大蒜、牛奶
0	用胰岛素说明糖尿病已经非常严重了
1	月经最后一天可以过性生活
0	家里有小孩的注意，吃了柿子喝酸奶要人命
0	自闭症是接种疫苗导致的
0	饮料晃出絮状物不能喝
1	无糖食品不一定热量低
0	避孕药喂螃蟹
0	心梗发作大力咳嗽能救命
0	改善个人卫生和环境卫生就行，不用打疫苗
0	百事公司员工确诊新冠肺炎，乐事薯片不能吃了
0	掰响手指会损伤关节，提高得关节炎的风险
0	新冠病毒家庭版试剂盒上市，在家指尖采血就可以测
0	癌症会传染
1	过度清洁皮肤可能导致玫瑰痤疮
1	螨虫喜欢温暖潮湿的环境
0	吃红枣可以补血
0	吃梨会腹泻
0	HPV疫苗可以代替宫颈癌筛查
0	致癌降低免疫力，外卖餐盒可能比砒霜还要致命
0	吃腐乳会致癌
1	阿奇霉素和复方甘草片合用，可能导致心律失常
0	吃糖等于喂养癌细胞，会导致癌症扩散或复发
0	大蒜咬碎后嘴里含一会儿，胜过杀病毒的口腔药物
0	电动牙刷能消除牙石
0	吃点姜汁豆角、桑葚、猪肝，醒酒快还护肝
0	黄瓜被咬掉一截后还可以继续生长
0	酸樱桃汁缓解运动后肌肉疼痛
0	使用瑞德西韦的重症患者会表现出高肝损伤
1	吸烟会增加患宫颈癌风险
0	运动饮料是最好的补水方式，普通人也应该常喝
0	没有低密度脂蛋白胆固醇和高密度脂蛋白胆固醇之分
0	睡前最好不要吃降压，否则容易导致低压
1	久治不愈的咳嗽可能提示肺癌
1	顺产宝宝会从母亲的产道里获取益生菌
1	肥胖的人练肌肉需要减肥和增肌
0	“白屁股”草莓是激素使用过量的结果
0	狂犬病疫苗存在使用禁忌
0	未熟豆浆毒死孩子
1	新型冠状病毒肺炎是自限性疾病
0	患漏斗胸的人寿命一般不超过40岁
1	出现失眠状况不要自行服用安眠药
0	日本6艘货轮把受辐射污染的海鲜卖到中国
1	过量服用伟哥可能导致异常勃起
0	钟南山推荐的防疫凉茶能预防新型冠状病毒
0	喝茶能解烟酒毒素，给肺腑洗澡
0	有氧运动超过30分钟才有效
1	硼砂有毒，服用含硼砂成分的药品需要格外谨慎
0	素食一定会减少钙流失
0	注胶杨梅
0	吃“生男孩药丸”能生男孩
0	胰岛素会上瘾，用了就停不了
0	输液会导致妊娠纹、生长纹
0	放血疗法可以有效治疗疾病
0	日本人开发出让鳗鱼变性的技术
0	刺鼻的荔枝有害
0	柠檬配绿茶会让茶多酚翻倍
0	吃味精鸡精会导致发胖、中毒
0	福岛核电站辐射致日本白血病升高7倍
1	大多数卵巢囊肿是生理性的，可自行消失
0	花岗岩能预防新冠肺炎感染
0	八成玫瑰花茶被硫磺熏过
1	有氧运动可以燃烧脂肪，想减肥的人可以多做
0	喝茶能去油解腻清肠解脂越吃越瘦
0	沉香可以预防新型冠状病毒
0	前列腺癌会直接遗传给下一代
0	美国用最先进的显微镜看到空气中充满病毒
0	仰卧起坐、跳绳能减肚子，高抬腿能瘦腿
0	何首乌能治脱发
0	乳牙坏了不用治
1	建议大家每年洗一次牙
1	吸烟会导致眼病
1	红斑狼疮应少吃光感性食物（香菜/莴苣）
1	把薯条放在印刷纸上会沾上苯和铅，可能致癌
0	塑形内衣能减肥
0	膳食补充剂根本没用，反而对健康有害
1	吃药尽量不要喝咖啡
0	麻药会成瘾
1	吃太多糖会长龋齿
1	鱼胆有毒
0	喝碱性水可改变酸性体质
0	婴儿乳牙中含有干细胞，存储下来可以将来治病
0	私护凝胶可以缩阴（防治子宫下垂）
0	白藜芦醇能治疗心脏疾病、代谢疾病、癌症，延缓衰老
0	芒果有止血功效，经期不能吃，会导致月经量少
0	坐着大便会导致痔疮、便秘
1	粪便DNA检测可以用于结直肠癌筛查
0	多款饮料被员工投放老鼠药
0	癌症患者不住院治疗比住院治疗活得更长
0	吃红枣能帮助睡眠
0	荸荠皮有毒
1	饮酒会增加乳腺癌风险
0	贫血就需要补血
0	盐吃多了长雀斑
0	鲜面条等四种食物含有甲醛，会诱发白血病
1	雀斑会遗传
0	运动时喝水会影响运动员速度
1	经期女性泡在洪水中有私处感染风险
0	吃豆制品会杀精
1	肠溶药物应该空腹服用
1	身体部位触摸到硬结或硬变、肿块等可能提示癌症风险
1	胃癌高发区的成年人建议检查并根除幽门螺杆菌
0	PX项目致癌性与咖啡同级
1	吃火龙果大便会变成红色
1	吃药的时候不能喝酒
1	豆制品比肉类有利骨骼健康
0	三伏天不能吃冷饮
0	闭眼单腿站立时间短的人容易早死
1	孕妇心情抑郁会影响胎儿健康
1	黄曲霉毒素致癌
0	宝宝湿疹就得彻底根治才行
0	宁夏中宁县群众因吃清炖土鸡感染H7N9死亡
0	黑茶抗癌
0	糖尿病患者可以多吃酸味水果
0	青春痘只在青春期出现
0	唾液里存在大量幽门螺杆菌
1	糖尿病可能会引起视力下降
0	红薯不能与鸡肉一起吃
0	断食、禁食能抑制mTOR活性，促进长寿延缓衰老
1	抗RHD免疫球蛋白只能从带抗体的献血者血液中提取
0	虾头变黑一定是虾不新鲜
0	5G引发新冠病毒，非洲没有疫情就是因为没有5G
0	水是新冠病毒的重大弱点
0	日本医生建议：大量喝水保持喉咙湿润，预防新冠病毒
1	孕前查出肾不好，最好先治疗肾病
0	糖尿病人不能吃红薯
0	打新冠疫苗会使人体基因发生改变，变成转基因人 
0	吃三文鱼蘸芥末能消灭寄生虫
0	辟谷（不吃食物只喝水）能有效减肥
0	海参纳米肽让营养更容易吸收，可以抗癌
0	打豆浆前泡豆子会造成营养损失
0	购物小票含双酚A，摸多了会致癌
1	精索静脉曲张是男性不育的首位原因
0	非油炸薯片没有油
0	月经血块是久坐不动肝气郁结所致
0	方便面与调料包一起烹饪会使其中的味精具有毒性
0	白酒放冰箱冷冻室能制作75%的酒精
0	全国31省市摘口罩时间表公布
0	过期了一天的药还是能吃的
0	输液比吃药效果好
1	喝牛奶有助于减肥
0	大麻能治愈癌症
0	痘坑可以治愈
0	大规模接种新冠疫苗会加速病毒变异，使疫苗失效
0	流感疫苗副作用严重
0	人睡三觉（懒觉、生气蒙头睡、饭后睡），命比纸薄
0	CA724（糖原抗原724）升高表示患胃肠道癌症
0	为了降低气溶胶传播几率，应该把二氧化氯放进加湿器
0	可以通过脐相（肚脐）判断身体状况
1	蓖麻毒素一旦中毒没有解药
0	睡太多会增加痴呆风险
0	美生物学博士揭示高血脂惊人真相：谷物才是罪魁祸首
0	可乐混红牛能升起蘑菇云
0	掺胶面条惊现市场
1	有脑动脉瘤的人飙高音有脑出血的风险
0	剃成光头就不会有头皮屑
0	吃了有砂的海鲜会得肾结石
0	日本禁止20岁以下人群使用角膜塑形镜，却卖给中国
0	百香果富含17种氨基酸，是所有水果中的VC之王
0	得荨麻疹是因为免疫力下降
0	奶和茶一起喝会结石
0	男性“憋”一个月（不排精），可以提高精子质量  
1	美国研发出“人造鸡蛋”，营养可媲美真鸡蛋
0	槐角马兰柿饼鱼腥草胡桃肉蒲公英茶是痔疮天敌
1	晒太阳可以有效治疗银屑病
1	癌症临床诊断中N下标的数字表淋巴转移的部位或数目
0	吃核桃补脑
0	吃生姜能够治疗老年斑
1	紫杉醇可以有效治疗卵巢癌
1	动物体内各种腺体不宜食用
0	红薯叶能改善更年期症状
0	不吃肉一定能瘦
0	低钠盐适合肾病患者
0	美国医生援助中国前集体祷告
0	网传视频杨梅水洗后留下胶状物，被注胶增重
0	香囊可以预防新型冠状病毒
1	糖尿病人可以吃花生
0	西瓜放置400天不坏，马未都称西瓜喷了防腐剂
0	黑色蔬菜（黑茄子、黑香菇、黑木耳）可以抗癌
1	面膜的主要功能是暂时性补水
1	吃的食物会影响乳汁
1	类风湿关节炎会导致贫血
0	碳酸饮料含色素危害大
0	吃榴莲之后8小时不能饮酒，同食毒如砒霜
0	辣条、薄荷糖、纯牛奶会导致口臭
0	桶装调和油凝固后食用会影响身体健康
1	咖啡加奶可以减轻咖啡对牙齿的染色
1	长期憋尿会影响肾功能
0	避孕药会导致肥胖
0	女性绝经晚一年，寿命就会多三年
0	日式小颜整骨能 “徒手变小脸”
1	麻醉有可能导致“恶性高热”
0	手机、电视等电器的辐射会影响胎儿
0	坚果不含糖，糖尿病病友可以随便吃
0	肚子饿了才吃东西能减肥
0	感染HPV病毒就一定会得宫颈癌
0	吃鱼泡能催乳、滋阴补血
0	夜尿增多是因为心脏老化问题
0	直黄瓜打了药，弯黄瓜才是天然食品
0	2月3日开始，上海市各医院实名制进院，包括家属
0	整骨疗法可以治疗疾病
0	女性在一个月经周期不止排卵一次
0	无糖奶茶不含糖
0	化疗病人应该多喝黄鳝骨头汤，可以提升白细胞
0	空心菜吸收农药和重金属最厉害，是最毒蔬菜
0	乖乖女查出艾滋病，穿耳洞、美牙、美容是帮凶
0	膳食纤维、豆子、茄子可以延长端粒长度，防止衰老
0	男生请注意！耳朵发黑是肾衰竭了
1	燕麦是健康食品
0	艾滋病可以被治愈
1	不明原因的发热可能提示癌变
0	一天有三个吃甜食还不长胖的时机（早上饭后运动后）
0	催熟的香蕉有害
1	终末期肾病（尿毒症）不能治愈
1	网售“防闷神器”会降低口罩的防疫效果
0	酒里加入金箔对人体危害很大
1	银屑病患者可以勤洗澡
0	嘴唇变黑发黄是得了妇科病
1	大多数女性乳腺癌患者（约80%）的年龄超过50岁
0	体质不同，头皮屑治疗方法也不同
0	牛奶片吃多了会有害
0	猪饲料里含有砷制剂，在中国食用猪肉等于自杀
1	子宫肌瘤发病率高，是妇科最常见的良性肿瘤
0	普通人有必要吃保肝药、肝脏保健品保肝
0	“放血疗法”可治病
0	量腰围要从肚脐上面3厘米的位置测量才准
0	宝宝出现“马牙子”要挑下来，不然会得鹅口疮
0	中药对预防狂犬病有效
0	增高药能让骨骼二次发育
1	金针菇吃下去后会以“原样”的形式从身体里出来
1	乳腺癌早诊筛查是二级预防
0	火腿肠不仅添加剂多、还致癌
0	长时间上网会导致视网膜脱落
0	鸡蛋威胁人类健康，是癌症等发展的重要食物
0	红色火龙果比白色火龙果更有营养
0	绿茶喝多了对人体的DNA造成伤害，进而诱发癌症
1	眼药水在开封后最多可使用4周
0	生长剂“催熟”的白籽西瓜对人体有害
1	把饭做熟病毒就会被杀死
0	美味的鹅肝是不能吃的脂肪肝
0	乳果糖口服溶液糖尿病患者不能用
1	对中重度癌症疼痛，阿片类药物更有效更安全
0	胰岛素会导致很多并发症，是糖尿病最后阶段才用的
0	葡萄酒及啤酒产品中检测到草甘膦成分，可致癌
0	左氟沙星眼药水可以防止新冠病毒从眼部进入
0	米饭放凉后会产生抗性淀粉，吃凉米饭可以抗癌
0	出现这6种症状，是肝癌在通知你
0	BBC报道：9成以上瓶装水有毒！喝一口，会致癌！
0	给宝宝用中药更安全
0	阿片类止痛药所有人都可以用
0	蓬松好吃的油条都加了洗衣粉
0	樱桃里出现白色小虫有害健康
1	用“透明袋”装牛奶，会影响牛奶风味
0	小孩发烧（发热）会烧坏脑子
0	砭石可以发出超声波脉冲，包治百病
0	香蕉放冰箱会致癌
0	籽是水果的精华，应该吃掉
0	菊苣葛根栀子茶可以治疗痛风
1	肉吃多了容易缺钙，因为过多蛋白质增加尿钙排泄
1	剖宫产也可能会尿失禁
1	饮酒过多容易引发癌症
0	早点给孩子“扶站”，让孩子早学会走路
0	营养强化食品比普通食品好
0	典型癌症性格：情绪低落易波动、不愿社交、紧张焦虑
0	2016年420余吨问题奶粉流入市场
0	吃猪脑能治疗失眠、缓解头痛
0	可以确定美国病毒是5株，中国2株，伊朗和美国一样
0	所有癌症都不需要化疗
1	限输液已试点“线上线下双监管”
0	眼药水里的硼砂对眼睛有害
1	久坐不动的男性易罹患前列腺癌
0	糖尿病肾病患者不能吃豆制品
0	罐头食品用大量的糖来防腐
0	感冒必须吃抗生素
0	喝牛奶会导致骨质疏松
0	孕前多吃碱性食物，生男孩的几率大
0	顺产开十指就是两只手可以全塞进去
0	银汞补牙会中毒
0	漱口水不能天天用
0	全麻、半麻术后不能睡枕头
0	塑料制品在微波炉中加热会释放致癌物二噁英
1	早期食管癌会颈部发紧、咽喉干燥
0	得了肾病，会出现下肢色素沉着的症状
0	用过的口罩放到消毒柜里消毒，可以继续防护新型肺炎
0	癌症不能预防
0	甜玉米是转基因食品
0	小苏打是治疗烧心的良药
0	急救改用吸痰机，武汉疫情一天死亡人数减半
0	糖尿病人要禁食，采用饥饿疗法
0	吃完荔枝吹口气，秒变“酒驾” 
0	孕妇身上出现皮肤变好等4种特征时，胎儿是女孩
0	月见草油能治疗痛经
0	胎心率可以分辨男女，140左右是男胎
0	靠墙竖腿运动，可以瘦腿、消肿
1	吃大豆红薯洋葱等高 FODMAPs食物会多放屁
0	糖尿病人不能吃水果
1	狗不能吃牛油果
0	孕妇不能接种流感疫苗
1	适当食用磷虾油有益健康
0	制糖厂以冰糖为原料制作白砂糖和绵白糖
0	孩子睡多了会变笨
0	孩子乳牙蛀了不必治
1	通常说的某某癌（乳腺癌、肺癌）指的是浸润癌
1	运输中密封的罐头食品也可能变质
0	吃维C泡腾片能增强免疫力，预防感冒
0	燕窝可以提升免疫系统，预防新型冠状病毒
1	接触性出血是宫颈癌的典型表现
0	自闭症是父母教育不当造成的
0	经常吃早餐很危险
0	牛奶不能和豆浆一起喝
0	香蕉加醋和黑糖，每天喝3勺就能减肥
1	阿奇霉素和辛伐他汀合用，可引起急性肝坏死
0	孕妇常摸肚子会导致胎儿脐带绕颈
0	裸眼视力差就是近视
1	肩关节内旋会导致驼背
0	多吃醋会让骨钙溶出而流失
0	月经能刺激女性的造血功能
0	南瓜不能和羊肉、醋、红薯一起吃
0	生长激素“催”出的豆芽不能吃
0	喝速溶咖啡，比吸烟更致癌
0	江苏南京出现罕见血型，全世界仅一例，能救所有人
0	橄榄油按摩能预防和扭转乳房下垂
0	黄连素是“三高克星”
0	不干不净不易生病
1	高温和干燥是灭杀螨虫的好办法
0	盒装方便面碗内壁含蜡，会引发致命疾病
0	停止母乳喂养能提高疫苗疗效
0	频繁打嗝是胃癌的前兆
1	动物性蛋白比植物性蛋白更容易消化
0	菜市场有女子拿硫化氢给猪染色，会致癌，让胎儿畸形
0	公共游泳池会让人感染性病
0	焦油含量低的烟对身体危害小
1	营养学中存在“碱性食物”的说法
0	生姜加醋泡水能补充雄激素
1	可以用方格纸在家检查黄斑病变
0	健身多练腿可以提高性能力
0	喝雄黄酒解毒疗伤靠谱
0	疫苗盒警告“打完疫苗不能打麻药”，否则有死亡风险
0	蒸食物要先开着盖子把水烧开，否则致癌
0	西柚、芹菜、卷心菜汤能燃脂
1	肿瘤患者不建议接种新冠疫苗
0	2岁幼儿喝了半碗苹果汁后“果核中毒”
1	糖皮质激素有副作用
0	床头放手机会得脑瘤（脑干胶质瘤）
0	女性生育越多流失的DNA越多，越容易衰老
0	一家六口相继查出白血病，是因为吃了甲醛加工的面条
0	服用维生素AD和钙应该在上午，不然利用率很低
0	在洗浴中心会感染梅毒
1	化妆品不得宣传疗效，不得使用医疗术语
0	小孩子不能用牙线
0	冷水服药会致癌
0	鸡屎藤能预防新型冠状病毒
0	巴沙鱼很脏，吃了对人体有害
0	紧急避孕药一年只能吃 3 次
0	EB流感很严重，还能10分钟入体
0	精榨菜籽油物理压榨比化学浸出更安全
0	给西瓜“打针”能让它更甜
1	有的人会对水过敏
0	没有胆囊，人会变得没胆子
0	腹式呼吸比胸式呼吸更好
0	骨康蝮蛇木瓜胶囊可以治疗风湿性关节炎
0	中国人均每年吃掉2.59公斤农药
0	吃盐越多越健康
0	高盐饮食才是健康的
0	轻断食减肥不反弹
0	私护凝胶可以阴道排毒
1	经常不吃早餐会增加胆结石风险
0	氨基葡萄糖会升高血糖
0	喝香槟有益健康、提高记忆力
0	玉米（须）煮水能降血压、降血糖，治疗肾病
0	软肝胶囊、清肝茶能治疗肝硬化
0	孕妇少吃易让黑色素沉淀的食物，婴儿就不会长胎记
0	月饼保质期越短，含防腐剂越少
0	肌肉拉伤不用管，等自愈就好
0	转基因致老鼠减少，母猪流产
0	脚面水肿、脚部发麻、走路时步态不稳说明血管堵了
0	喝红糖水可以治痛经
0	育龄期女性常吃燕麦等高纤食品会导致不孕
0	给螃蟹注射液体可以伪造蟹黄
0	打针退烧是在残害孩子
0	皮肤受伤了吃酱油会变黑
0	仿造肉烤肠属于致癌物
1	84消毒液与酒精混用会降低消毒效果
0	病毒喜欢0度湿冷环境，空调开到20度就死亡
0	植物油可能会杀精
0	馒头放冰箱三天会产生黄曲霉素，不能吃
0	不能用化肥，应该用绿色无污染肥料
1	鱼体内可能有寄生虫
1	咳嗽可能会间接诱发痔疮
0	冬天贴三九贴能治病、增强体质
0	一碗方便面含百种抗氧化剂
0	小苏打饿死癌细胞
0	“寒凉”水果伤脾胃应忌口
0	鱼生火，肉生痰，青菜萝卜保平安
0	生土豆汁能治胃病
0	戴口罩可以吹灭蜡烛打火机火苗，说明口罩不合格
0	运动减肥不可靠，迈开腿不如管住嘴
0	趁早给孩子把屎把尿，有利于养成自主排便的习惯
0	分娩时麻醉会导致产后腰疼
0	坐月子不能吹风
0	核桃芝麻黑米能生发
0	饭后喝水会稀释胃液，导致消化不良
0	5G手机使用mm波（毫米波），对眼睛伤害很大
0	可以通过手脚长短推测阴茎大小
0	公共游泳池会致孕
0	酒是最廉价的抗癌药
0	丁香是幽门螺旋杆菌的“宿敌”，胃病就怕丁香水
0	清洗完一个苹果后，杀虫剂的残留比率达到97.8%
0	科学家解锁绿茶新功能：喝绿茶能治疗糖尿病
0	吃牡蛎可以壮阳
0	甜味剂会引发癌症
1	百草枯无药可解
0	大豆油是最不健康的油，比糖还可怕
1	减肥药普遍的副作用是反弹
0	抗生素能治疗感冒
0	使用不锈钢锅，会出现锰中毒
0	补充抗氧化剂可以抗衰老
0	十年鸡头（鸡冠）赛砒霜
0	拍X光片后要等六个月才能怀孕
0	献血之前应该空腹
0	反复深呼吸可以治疗心梗
0	熔喷布燃烧无烟无焦，据此可以区分口罩真假
0	紫薯含有花青素，能抗癌
0	奶茶喝多了会堵塞血管
0	土鸡蛋比普通鸡蛋更有营养，也更安全
1	癌症远处转移（肝转移、肺转移）就是癌症晚期
1	人在运动时会释放多巴胺
0	使用了甜蜜素的馒头是“毒馒头”
0	经期不能洗澡/洗头发
0	剖腹产手术中使用的麻药会渗入乳汁，影响哺乳
0	有一个神奇的偏方：鹅蛋蘸白糖能治疗胆囊炎
0	香蕉有辐射，吃了对人体有害
0	水果月饼其实都是冬瓜馅
0	瘦瘦包敷在肚子上能减肥
0	瓜瓤里有黄白筋证明“打过针”
0	加拿大医生揭秘现代医学黑暗骗局，难怪很多病治不好
0	紫菜是“废弃黑塑料袋做的”
1	听别人吧唧嘴就恼火可能得了恐音症
0	吃鸡蛋会伤心脏
0	螃蟹打针
1	特定体位总是出现眩晕，可能耳石症
0	降压药会加重已感染新冠病毒的高血压患者病情
0	十种食物不能放进冰箱（巧克力、鱼、番茄、香蕉等）
1	氢氧化铝会让大便变白
0	宝宝第一口奶吃母乳不容易得湿疹
0	接种一次荨麻疹就能终生免疫
0	没有勃起功能障碍的人可以通过服伟哥增强性能力
1	狂犬病疫苗必须按时打
0	包装上有赤砂糖三个字，就是“假红糖”
0	童子尿可以预防新型冠状病毒
0	人血白蛋白是很好的营养补品，有强身健体的作用
0	癌细胞喜欢糖，癌症患者不能吃高糖水果
0	银屑病会传染
0	顺势疗法：喝矿泉水前摇100次以上，能长寿抗癌
0	停止食用烘焙食品！食用烘焙食品容易感染新冠病毒
0	可乐煮出的粘稠液体对人体有害
0	植物油做饭可致癌
0	咸鸭蛋会导致肝肿大
0	方便面和汽水一起吃会致命
0	胡萝卜一定要用很多油来炒，利于维生素A吸收
0	怀孕期间不能化妆
0	用硫酸镁消肿会导致皮肤变黑
0	糖尿病人不能吃水果
0	癌症会传染
0	恶心呕吐厉害是女孩，反应不大是男孩
1	健康成年人每天盐摄入量应控制在6克以内
0	花生芽能预防心脑血管疾病
0	用孕妇尿液就能检验胎儿性别
1	矿工是肺癌高发人群
0	国内供水系统用洁厕宝易致癌
1	糖尿病会引发糖尿病神经病变并发症
0	常温豆浆营养不如现磨豆浆
0	雪糕越不容易化添加剂越多
0	脑场意识健身法可以治疗癌症
1	脱氢乙酸及其钠盐是安全的防腐剂
0	吃二甲双胍不能喝酸奶
0	胃反酸、胃痛、口臭是因为感染了幽门螺杆菌
0	宝宝长得越快越健康
0	肺不好的人，有“2处凸起，3处发黑”
1	儿童需要做口腔窝沟封闭术
0	豆浆含雌激素，喝多会让男性长出巨乳
0	粉丝是塑料做的
0	顶着花的黄瓜，是激素催的
1	肝癌虽然可怕，但是可以做好预防
0	瑞德西韦生效，17-40小时病人好转90%以上
1	糖尿病人可能会出现骨质疏松
0	汗液是身体排出的体液，运动流汗可以降低尿酸
0	孩子睡觉磨牙是因为缺钙
0	2021公布最新血压标准，不再是120/80
0	无核葡萄系避孕药培育
1	WHO认为：目前还没有专门预防治疗新冠病毒的药物
1	冷冻蔬菜会流失营养
0	吃草莓容易感染诺如病毒
1	宫颈炎症、宫颈癌也会表现为“糜烂”
0	苦瓜胶囊可以降血糖
0	海带长时间浸泡有毒
0	肯德基等多家快餐店的冰块比马桶水脏
1	睡觉时身体突然抖一下可能是临睡肌抽跃症
1	男性乳房异常增生长大可能提示乳腺癌
0	奥司他韦（达菲）不能和其它药物同服
0	鸡肉是高血压克星
0	植物油吃得越多越健康
1	有的人更容易得虫牙是因为嘴里的变形链球菌多
0	雪蛤能提高免疫力
0	荔枝核煮水治肝病
0	青蛙可以把鲜奶搅拌成固体
1	亚洲国家秃顶率比不上欧美国家
1	食品不甜不等于无糖
0	喝茶可以减肥
1	抗癌药顺铂有肾毒性
1	卵巢畸胎瘤只能手术切除
0	食品添加剂对人体有害
0	含有生物活性成分的保健品一定是健康有效的保健品
0	农户会用甲醛浸泡蒜苔来保鲜
1	吸烟者可能较易感染新型冠状病毒
1	儿童服药时捏鼻子很危险，会导致窒息
0	喝白酒时不宜吃海带
0	散步能减肚子
0	“一日三餐”是坑人的饮食方式
1	得了青春痘应该少吃辛辣
1	卵巢也会发炎
0	油辣椒矿物油和谷氨酸钠超标，危害健康
0	癌症是现代才出现的一种疾病
0	德国医生揭露“手术刀下的谎言”
0	苹果核含有有害的氰化物，吃了会丧命
1	吃没煮熟的田鸡会感染寄生虫
1	人死后12小时内，皮肤还有生命功能（超生反应） 
0	炒豆角不能盖锅盖
0	喝乳清蛋白粉就能补充乳铁蛋白
0	塑料袋装食材致毒
0	米中含酸多，对胃不好
1	酒是痛风的催化剂
1	宝宝剃光头更容易长痱子
0	砭石可以产生奇异的能量场 
0	喝绿茶能让牙齿变白
1	婴儿奶粉里可能会含有消毒剂成分
1	以前抽烟的人多会导致现在肺癌多
0	切除胆囊后会变得没胆量
1	使用恩替卡韦治疗乙肝病毒需要挑选时机
1	治疗前列腺增生的药物可以治疗男性型脱发
0	痛经时不能运动
0	眼镜防雾喷剂有毒，会对人体造成危害
0	狂犬病发作后会像疯狗一样叫
1	小伙服用过多何首乌身亡
0	吃一包方便面，需要肝脏解毒32天
0	女性更适合有氧运动减肥
1	打乒乓球有利于预防近视
0	很多食物含植物胰岛素，可以降血糖
0	洗发水洗头会致癌
0	金针菇在冰箱生长是因为使用激素
0	买酸奶先看配料表上两句话，不然再好喝也是假酸奶
1	皮蛋吃之前加热可以减少中毒风险
0	转基因饲料影响猪健康
0	高糖、油腻食物会导致脱发
0	花生泡水显深红色，是因为被“染色”
0	椰子油营养价值高于普通植物油
0	切除子宫是对女性的阉割
0	人工增雪会污染环境，危害人体健康
0	用洗洁精洗碗，会伤害皮肤、肝脏，有害身体健康
0	绝经激素治疗所有人都可以用
0	私护凝胶可以治疗妇科炎症
1	抗生素不按疗程服用会产生耐药性
0	妈妈的虎口能和孩子的鼻梁完美平行
0	肉松营养健康，可以完全代替鲜肉
0	大米是塑料做的
1	治疗幽门螺杆菌能降低患胃癌的风险
1	浙江药企生产的降压原料药（缬沙坦）被发现有致癌物
0	自己榨油吃更安全
1	沙眼衣原体感染不光引发沙眼
0	老年人不需要性生活
0	胎心异常、羊水减少是胎儿缺氧的表现，妈妈能感觉到
0	CA199（糖原抗原199）升高表示患胰腺癌
0	“总是哈欠连天，经常感觉困”是血栓来临的征兆
1	缺铁性贫血的人不建议喝牛奶
0	黑芝麻可以治疗白癜风
0	小儿推拿能治孩子后背痛
1	月经刚结束不宜做尿常规检查
1	智齿很容易得龋齿
0	做眼保健操能治好近视
0	雾化治疗咳嗽，正在扼杀孩子的元气
0	长时间嚼口香糖有害
0	白芸豆提取物可以阻断淀粉吸收，起到减肥作用 
0	跷二郎腿会导致高血压
1	近视激光手术后可以坐飞机
0	水母蜇伤后用尿液清洗
0	面条是碱性的，吃面条可以生男孩
0	 睡前服药是吃了药马上睡觉
0	踮脚可以预防中风
0	刮腋毛会导致乳腺癌
0	感冒发热不能哺乳
0	口含姜片出门可以预防新型冠状病毒肺炎
0	孩子吃冰激凌会伤肾，引发慢性病
1	服用他莫昔芬或依西美坦可减少乳腺癌高危人群的发病
0	跷二郎腿会导致腰椎间盘突出
1	螨虫可能会长在眼睛里，化妆会喂养它们
0	牙膏要买两种，早晚各用一种
1	补牙常用的是树脂
0	香水里掺迷药能让人一闻就倒
0	喝松针茶（咖啡）会导致骨质疏松
1	宝宝正确衔乳后会导致妈妈出现喷乳反射（奶阵）
0	妈妈生病后要停止喂奶
0	从出生起就一定要给宝宝喂水
0	吸氢气能抗肿瘤抗衰老，包治百病
0	花生能抗抑郁、还能改善大脑功能、且养肾有奇效
0	自闭症是可以治愈的
0	鸡蛋清能退烧
1	近视50度没必要戴眼镜
0	长期服用降压药会损害肝、肾
0	女生的左胸比右胸大
0	用大蒜可以检测出地沟油
0	“贴贴”能有效治疗宝宝发烧
0	维生素E胶囊可以去除脂肪粒
0	长期吃降压药，副作用伤身体
1	不同年龄的儿童视力标准不同
0	吃牛油果会形成血栓诱发脑梗
0	产后脱发会一直脱下去
0	在阳台上种的抗癌药有效
0	疫苗效价低就是不安全，对人体直接有害
0	约翰·霍普金斯大学发表癌症研究报告
0	脸颊出现黑褐色是肾衰竭了
0	女孩出生后，奶头应该用手挤一下，才能发育的更好
0	甜食、油炸、辛辣食品导致脱发，苹果、鸡肉预防脱发
0	输血的时候血液越新鲜越好
1	挤“面部危险三角区”的痘痘存在感染风险
0	山西13人吃西瓜感染H7N9死亡
0	小龙虾是一种处理过尸体的虫子，外国人从不吃
1	吃液氮冰激凌可能受伤
0	大蒜精油有保健功效
1	怀疑自己得了心梗应立即打急救电话，叫救护车
1	咖啡能提神
1	质子重离子治疗本质上是一种放疗
0	美国眼科医生贝茨的“转眼操”能治疗近视
0	葡萄上的白霜是农药，吃了会中毒
0	新型冠状病毒就是SARS冠状病毒
0	阿司匹林是护肤美白神药
0	 上帝终极底牌：癌症自愈源于心脏
0	每天吃点鸡肉不愁高血压
1	大米泡太长时间会损失营养
0	伊维菌素可以治疗新冠肺炎
0	过量吃姜会引发肝癌
0	宝宝感冒发烧一定不要用抗生素
0	甜味剂三氯蔗糖致癌
0	看颜色可以鉴别蘑菇毒性
0	感染HIV就只剩下几年的生命了
1	糖尿病会引发糖尿病口腔病变并发症
0	珍珠奶茶里的珍珠会导致胆囊炎
0	母亲需要多喝牛奶来促进泌乳
1	红豆黑豆没煮熟，吃了会导致身体不适
0	孕期喝点葡萄酒有助于改善宝宝行为
0	变绿的紫菜有毒不能吃
1	儿童也会得类风湿性关节炎
1	吃过敏药需要忌口
0	御米油（罂粟籽）有保健作用
1	影响胃排空的药物不宜与酒精同服
1	经常腹泻的人群要避免过多摄入膳食纤维
0	手把手教你鉴别转基因食品的方法
0	哈佛长生不老药（NMN），能让人青春永驻
0	慢性支气管炎治疗无需戒烟
0	喝猪蹄汤能催奶
1	月经期间不宜做手术
0	巧克力放久后有“白霜”，危害健康
0	蓝光眼镜镶嵌依晶石可以防眼病
0	味精吃多了会缺锌
1	痛风发病主要和血尿酸有关
0	人流是把胎儿用机器割掉身体器官然后吸出来的
0	结扎避孕害处大，会致变老、生癌、子宫切除
0	24岁大学生因吃辣条导致肠穿孔
0	月麻亚酸是纯天然降脂药，降脂通血管
1	戒烟酒可以预防肝癌
1	口服避孕药可以抑制子宫内膜息肉
1	喝现挤牛羊奶有感染布鲁氏菌病的风险
0	无骨鸡排是合成肉，多吃伤肝肾
0	塑料袋装水堵地漏，能防止气溶胶传播病毒
0	大便粘马桶意味着得了大肠癌
0	种植转基因抗除草剂作物会产生“超级杂草”
0	葡萄酒加碱可以测真假
0	缴加急费可快速出核酸检测结果
0	夏天自制冰棒最健康、最安全
0	喝豆浆特别容易胖
1	女性绝经前会月经紊乱
0	喝了未煮沸豆浆，可能出现恶心呕吐、腹痛等中毒症状
0	发酵食品，可以提升免疫力、减肥排毒
0	高知高收入家庭的孩子更容易出现自闭症
0	干柠檬泡水比鲜柠檬更能补充维c
0	香蕉会取代马铃薯成为关键食物来源
0	高温天气突然喝冷水，毛细血管会爆掉
0	洗发水会致癌
0	辟谷能治疗感冒
0	娃娃菜泡甲醛，会让人患白血病
1	长期涂指甲油，色素会残留在指甲上，指甲会变黄
1	剖宫产后不建议立即怀孕
0	新冠抗体重大突破，100%抑制病毒，4天内清除
0	地球能量变化导致多地儿童生病
0	孕期（怀孕）不能用防晒霜
0	母猪肉含有毒物质不能吃，吃了引起贫血、血红蛋白尿
0	女性喝豆浆会增加乳腺癌风险
0	得了肾病不能同房，否则伤害肾脏
0	长了瘤也不必担心，不会癌变
0	性生活的时间都超过 30 分钟
0	亚麻籽油能改善便秘
0	乳汁不足会遗传
0	维生素B17是抗癌圣药
1	有维生素E和K，但没有维生素FGH
0	排便不干净、困难、排便后肚子不舒服是得了慢性肠炎
0	身体莫名发痒，说明你的内脏病了
1	根块类（土豆、红薯、紫薯等）蔬菜和水果最好削皮吃
0	放烟花爆竹可以消毒，预防瘟疫
0	润喉糖可以当糖吃
0	把醋烧开，对家中空气进行“杀菌消毒”，能预防感冒
0	洋葱可以吸附新冠病毒
0	秋葵是抗癌神药
0	食品黑幕：糖的危害，甚于吸烟！看了之后不敢吃甜食
0	吃辣条会吃出克罗恩病
0	胎儿心跳在140左右的是男宝，150以上的是女宝
0	葡萄柚就是柚子
0	体脂手环可以准确地测量人体体脂
0	口唇长疱、嗓子肿痛是上火
0	山东即墨区发现疑似新型冠状病毒感染的肺炎病例
0	“防PM2.5口罩”能防雾霾
0	每天刷牙就不会有牙结石
0	越便宜的面霜保湿效果越好
1	长痘了不建议敷面膜
0	母乳会导致婴儿过敏
0	头皮的“白泥”是螨虫滋生、内分泌失调导致的
1	冻鸡肉中有股去不掉的“柴油”味，最好不要吃
0	美国人感染“食脑虫”是因为爱喝自来水
0	紧急避孕药可以作为常规避孕手段
0	长期不发烧，说明身体不好
0	以前抽烟的人更多，但得癌症的人少
0	喝鸡尾酒能治疗艾滋病
0	高血压疫苗可以预防高血压
0	黄瓜能预防乳腺癌、子宫癌等多种癌症
0	孕期用了黄体酮会导致胎儿畸形
1	西瓜里可能有白色虫子（瓜实蝇）
0	白癜风不能吃水果
0	买回家后的黄瓜如果还在继续长大，就不能吃
0	郑州二七区13名男女感染猪病毒死亡，近期少吃猪肉
0	 “安全期”啪啪啪不会怀孕
1	夏季会加重皮肤金属过敏
0	自来水杀精
0	医大教授教你用最便宜的药治常见病
0	牛奶不能和药一起食用
1	红药水和碘酒混用会产生剧毒
1	口腔或外阴出现白斑可能提示癌变
0	一次吃6个以上的香蕉可能会钾过量而致死
0	雪糕融化再冻住成毒雪糕
0	自来水中有避孕药，喝了之后后果难料
0	日照市东港区暴发甲肝病毒
0	柠檬有抗癌功效
1	溃疡性结肠炎可能导致大肠癌
0	心脏彩超可以诊断冠心病
0	喝完水就要小便是肾不好的征兆
0	咸鸭蛋黄出的油有害
1	一岁以内婴儿不建议饮用果汁
1	荔枝、苹果等大多数水果冰镇以后会更甜
0	面粉越白质量越好
1	无花果有抗氧化成分
0	河南商丘有人吃西瓜中毒，感染H7N9病毒
1	防止挤出的母乳变质，可以把母乳放冰箱保存
0	进门前把衣物放到整理箱密封，4小时后细菌就死透了
1	合格奶粉中不应含有坂崎克洛诺斯菌
0	世界卫生组织不建议接种莫德纳新冠疫苗
0	晚上喝酒容易被代谢，因为肝脏中乙醇脱氢酶活性增加
0	吃蛋白粉可以增强免疫力
1	吃药尽量不要喝牛奶
0	椰子油可以治疗老年痴呆
0	香蕉炭疽病和人体炭疽病是一种病
0	内裤穿半年就要扔掉
0	花生黄瓜一起吃易致腹泻
1	炒瓜子添加的明矾和工业滑石粉对人有害
1	宝宝六个月以内都可以进行母乳喂养
0	反季节果蔬对人体有害
0	多吃鱼肉、喝鱼汤能够让人更聪明
1	狂犬病出现症状后几乎100%致死
0	多喝酸奶能抗癌、预防糖尿病
0	加香精和酒精勾兑的酒都是不好的
0	香菜是无根之草，吃了阳痿，俗称“阳痿草”
0	甜菜根富含铁元素，可以预防贫血
0	吃鸡蛋会增加死亡率
0	HIV携带者之间的性行为无需保护
1	多吃豆类食物易放臭屁
1	雄激素缺乏可能会导致男性出现腹型肥胖
0	月经出现血块是卵巢早衰、盆腔炎导致
0	不法商贩用硫酸浸泡荔枝，可能烧伤肠胃
0	男人每7秒就有一次性欲
1	感冒和“风”“冷”无关
0	家用臭氧机可以去除肉中的激素
0	存储免疫细胞，将来患病时可延缓衰老提高免疫力
1	“补脑”食物不存在
0	趴睡能提高婴儿呼吸功效，促进呼吸系统发育成熟
0	饭后平躺会影响消化
1	过度服用抗生素可能导致肠道菌群紊乱
0	面包的制作离不开头发
0	穿紧身裤、不常换卫生巾、吃辣会导致女生有“腥味”
0	苦瓜、黑茶、秋葵等食物可以降血糖
1	软硬水质都对人体都有一定益处
0	红薯叶能净化血液、排毒
0	红薯叶1斤能顶3斤人参，救人无数，越吃越健康
1	在油壶放维生素E有利于油的保存
0	蛇果表面全部都是蜡，用打火机一烧还能点着
0	风油精能抑制病毒感染
1	大多数高血压的原因至今不清楚
1	壳聚糖可抑制细菌、霉菌生长，对人体无毒副作用
0	经常喝柠檬水，可以提高免疫力
0	眼妆太浓会导致“眼结石”
0	每天看几次小视频就能保护眼睛
0	向儿童一次接种多种疫苗会使其免疫系统负担过重
0	感冒是因为免疫力下降
0	10年前陈国生就预测预言了新冠肺炎的爆发
1	红凤菜中含有吡咯里西啶类生物碱，具有肝毒性
0	人造假鸡蛋流入了市场
1	热饭菜可以直接放冰箱，放凉了再放会滋生细菌
0	隔夜茶致癌不能喝
1	良性肿瘤通常边界清晰，活动度也较好
0	金银花是植物抗生素，泡水喝可消炎止痛调节免疫
0	吃亚麻籽油可以治便秘
0	一次胸透相当于遭受大量的危害性辐射
1	宝宝出现尿布疹，需要要及时清洁，保持肌肤干燥
0	星巴克致癌，全球媒体刷屏！我们喝进嘴里的竟是这些
0	等孩子大一些再接种疫苗会更安全
1	孕妇不要吃生肉、生鸡蛋
0	从安全性出发，不推荐大家经常食用莲子心
0	睡前喝葡萄酒可以减肥
0	“饭水分离饮食法”对人体好
1	肝硬化会导致胃出血
1	红斑狼疮患者要避免阳光直射
1	西瓜冰镇后更甜
0	红糖水可以催月经
0	天生一个肾脏会严重影响正常生活
0	婴儿出汗多证明缺钙
0	吃蛤蚧更容易生男孩或者双胞胎
0	白内障要完全“长熟了”才能做手术
0	运用传统工艺生产的保健品一定是健康有效的保健品
0	父母出生地离得越远，孩子智商越高
1	怀孕末期胎动次数减少，可能表示胎儿缺氧
0	自闭症孩子都是天才儿童，都有特殊天赋
0	香蕉都被浸过福尔马林
1	有疫苗能预防宫颈癌
0	方便面含铅食用有害健康
0	燕窝能够保胎
0	人血白蛋白有助于伤口愈合
0	补充雌激素能让女性青春不老
1	醋泡海带能补钙
0	睡扁头、睡偏头会影响婴儿大脑发育
1	红薯中的膳食纤维比土豆多一倍
0	奸商给螃蟹注液伪造蟹黄
0	散瞳药物对眼睛有害
0	这个玻璃装置是“隔离舱”，用它进行患者的隔离
1	蛋白质过量可能影响肾功能
1	过度运动可能导致横纹肌溶解
0	医院开的维生素片和营养保健维生素片没什么差别
0	所有人胳膊上都有疫苗疤痕，是为预防天花而接种的牛痘 
0	喝麦苗汁能治愈癌症
0	接种乙肝疫苗会威胁新生儿生命
0	手术过程中麻醉师很闲
0	猪五花肉、矿泉水能抗雾霾
0	柑橘中吃出白色幼虫，会对人体的心脑血管造成危害
0	肺部自测：憋气50秒以上，肺功能强大
0	牙齿越白越健康
0	橙子、柚子、苹果、红枣等水果煮熟后吃可以秒杀药物
1	结直肠癌是由结直肠息肉演变而来
1	戴墨镜可以预防和延缓白内障
0	弹力袜能燃脂减肥
0	面条里添加了塑化剂
1	成人的尿失禁症状可能预示某种严重潜在疾病
0	婴儿戴脖圈游泳对身体好，没有什么危险和伤害
0	造血干细胞移植前，供者要增重到130斤以上
0	花生和面条放置冰箱会释放甲醛，有致患白血病的风险
0	倒走能缓解腰痛，治好腰椎间盘突出
1	变黄的大米不能吃
0	摄入充足的维C有利于减重
0	胡萝卜素可以预防癌症
0	人血白蛋白可以应用于晚期肿瘤患者等危重患者的救治
0	无蔗糖饮料就是无糖饮料
0	菠菜与牛奶同吃会引起痢疾
0	吃香蕉会得新型冠状病毒肺炎
1	何首乌伤肝
1	砭石治疗能一定程度缓解局部肌肉疼痛
0	夏天吃芹菜，皮肤会变黑
0	导致所有疫苗失效的突变株会出现，所以打疫苗没用了
0	乙肝有特效药可以根治
0	糖尿病患者不能吃水果
0	女子因吃隔夜菜吃出重度贫血
1	12岁以下儿童禁用退烧药尼美舒利
0	备孕期间男的也要吃叶酸片
0	保健品能调理身体降血糖
0	美国正式宣布转基因有毒
1	水痘具有传染性
0	药片可以直接干吞
0	卫生巾里的绒毛浆致癌
0	榴莲加牛奶毒过眼镜蛇
0	只有胖子才会得脂肪肝
0	胶原蛋白美容效果好
1	黄体期剧烈运动可能导致腹腔大出血
0	血压升高是因为血管缺营养
0	八九十年代的中国，疫苗都是由日本援助
0	吃药能预防普通感冒
0	猪肺中灰尘多，吃了对人体有害
1	头皮上老长痘说明头皮不健康
0	孕妇不能使用奥司他韦（达菲）
1	女性比男性更容易骨质疏松
0	买小龙虾，要买青壳小龙虾，别买红壳的
0	椰子油是世界上最健康的油
1	胆囊切除术后不要吃太油腻的东西
0	围脖能保护甲状腺免受核辐射
1	鱼胆中毒后要立即洗胃
0	生吃花生米可以保护胃粘膜
0	脂肪瘤不开刀就能治好
1	孕妇睡眠问题多（多梦、多尿、疼痛、睡姿限制）
0	老年人每天要喝4次水：起床、午睡后、睡前和起夜后
0	适量喝酒有益健康
0	蒲公英根能在48小时内杀死98%癌细胞
0	幼儿急疹不能吹风
0	有机食品一定更安全更健康
1	杨梅、桑葚、草莓、樱桃、油桃、甜瓜都有可能生虫子
0	大蒜能抗癌降血脂
0	不射精能锻炼性能力
1	结肠镜检查可能会漏检结肠腺瘤
1	耐力运动喝巧克力奶有助于恢复
0	变色的母乳不能给宝宝吃
0	吃蒲公英可以降尿酸
0	减肥时不可以吃西瓜，荔枝和榴莲
0	打胰岛素很疼
1	佩戴角膜塑形镜有副作用
0	过敏性紫癜是过敏引起的
0	每15分钟喝一口水保持喉咙湿润可预防新型冠状病毒
0	红酒预防乳腺癌
0	乳腺癌跟乳房大小有关
1	适度跑步不会伤害膝关节，反而可以保护膝关节健康
1	打喷嚏不建议用手捂，最好用纸巾，或者对着胳膊打
0	孕妇产后忌食水果
0	自闭症儿童不能吃乳制品、麸质、玉米和添加剂食品
1	紫杉有毒
0	旋磁治疗仪能治疗糖尿病、高血压
0	舞茸是“减肥神水”，可以减重、降血压、降胆固醇
0	香菜煮水解肾毒
0	跷二郎腿会导致脊柱变形
0	牙膏挤太多牙齿会变脆
0	吃大量冷饮会头痛是因为大脑结冰了
0	所有妈妈都可以进行无痛分娩
1	智齿容易发生牙周炎
0	意大利零号病人是去夏威夷度假后被感染
1	酸奶适合乳糖不耐受的人群饮用
0	食盐添加“亚铁氰化钾”是灭种计划
1	体检没有必要做幽门螺杆菌分型检查
1	婴幼儿也会长痤疮
0	解酒药能有效解酒
0	黑豆炖梨可以去掉啤酒肚
0	薯类食物比白米白面更容易导致血糖上升
0	隔夜海鲜不能吃
1	感冒病毒清除后还会出现感染后咳嗽
0	大规模接种新冠疫苗会加速病毒变异，使疫苗失效
0	打嗝按手指（中指）能止嗝
0	母鸡没有交配生下的蛋肯定有问题，不能吃
0	癌痛只发生在晚期癌症患者身上
1	新生儿至少要接种3次乙肝疫苗
0	手机致癌
1	肠溶药物不可掰开，应整片服用
0	左眼跳福，右眼跳灾
0	保鲜膜保存西瓜会迅速滋生细菌
0	春茶含过量农药一喝就中毒
0	用吸管喝酒更容易醉
0	火腿和培根的毒性和砒霜一样
0	三文鱼体内没有寄生虫
0	玉米须煮水对尿酸高人群有效
0	吃大蒜可以治疗痛风
0	雪糕吃多了会堵塞血管
1	鱼刺吞进肚子里有可能扎入直肠
0	银器泡水能杀菌排毒
0	宫颈炎会发展成宫颈癌
0	温州出现新病毒，490例里40%是全新变异的病毒
1	电焊火花对眼睛有伤害
1	近视激光手术有风险
0	mRNA新冠疫苗改变人类基因，会引发ADE致死
0	久煮的火锅汤致癌
0	不提倡健康人群进行癌症筛查
0	吃补药增强免疫力能治荨麻疹
0	海鲜吃多了容易感染乙肝
1	眼睛也会中风
0	儿童蚊香无毒无害可以放心用
0	小孩子会吃牙膏，不能用含氟牙膏
0	癌症是因为吃（肉）太多
0	孕期哺乳会导致流产或早产
1	踮脚可以预防静脉血栓
0	动物抗生素残留会导致儿童性早熟
0	CT／核磁共振检查对甲状腺结节没价值
1	吃降压药最好别吃柚子，否则可能头晕、心慌、乏力
0	钟南山院士建议盐水漱口防病毒
1	厨房油烟是中国女性患肺癌的重要风险因素
0	孩子发烧要擦浴降温
0	吃柿子会中毒
0	有空看看，东部战区总院呼吸科权威宋勇新冠病毒回答
1	易接触有害物质的职业（纺织等）会增加乳腺癌风险
0	动物油、鸡精和糖是儿童“阻长剂”，夺走孩子身高
0	夏天是血栓高发季，身体会出现四个暗号提示你！
0	狗流眼泪是因为伤心
0	平甩功可以治疗癌症
1	得了飞蚊症眼前会出现黑影飞来飞去
0	豆浆中含有豆浆精，喝了对人体有害
0	一包薯片10.47公里，迈开腿不如管住嘴
0	煮方便面时第一次煮的水倒了，再煮热量会降低
0	夜间出汗是因为体质虚弱，需要及时进补
0	台湾神物牛樟芝是“神奇灵药”，能抗癌
0	农民伯伯干活时在脖子上缠毛巾可以缓解疲劳
1	草药蒸下体（阴道）可能导致阴道干燥烫伤、草药过敏
0	饭后产生便意立马大便，会导致胃下垂
0	蒜泥敷脸能祛痘
